municipio,pj,url,ar,tem_pj
Adolfo,José Bonifácio,http://www.mpsp.mp.br/portal/page/portal/Promotorias_de_Justica/regioes_adm/relacoes_regionais/rel_regionais_sao_jose/sjrp_jose_bonifacio,São José do Rio Preto,Não
Altair,Olímpia,http://www.mpsp.mp.br/portal/page/portal/Promotorias_de_Justica/regioes_adm/relacoes_regionais/rel_regionais_sao_jose/sjrp_olimpia,São José do Rio Preto,Não
Américo de Campos,Tanabi,http://www.mpsp.mp.br/portal/page/portal/Promotorias_de_Justica/regioes_adm/relacoes_regionais/rel_regionais_sao_jose/sjrp_tanabi,São José do Rio Preto,Não
Aparecida D'Oeste,Palmeira D'Oeste,http://www.mpsp.mp.br/portal/page/portal/Promotorias_de_Justica/regioes_adm/relacoes_regionais/rel_regionais_sao_jose/sjrp_palmeira_oeste,São José do Rio Preto,Não
Ariranha,Santa Adélia,http://www.mpsp.mp.br/portal/page/portal/Promotorias_de_Justica/regioes_adm/relacoes_regionais/rel_regionais_sao_jose/sjrp_santa_adelia,São José do Rio Preto,Não
Aspásia,Urânia,http://www.mpsp.mp.br/portal/page/portal/Promotorias_de_Justica/regioes_adm/relacoes_regionais/rel_regionais_sao_jose/sjrp_urania,São José do Rio Preto,Não
Baby Bassitt,São José do Rio Preto,http://www.mpsp.mp.br/portal/page/portal/Promotorias_de_Justica/regioes_adm/relacoes_regionais/rel_regionais_sao_jose/sjrp_sao_jose,São José do Rio Preto,Não
Bálsamo,Mirassol,http://www.mpsp.mp.br/portal/page/portal/Promotorias_de_Justica/regioes_adm/relacoes_regionais/rel_regionais_sao_jose/sjrp_mirassol,São José do Rio Preto,Não
Cajobi,Olímpia,http://www.mpsp.mp.br/portal/page/portal/Promotorias_de_Justica/regioes_adm/relacoes_regionais/rel_regionais_sao_jose/sjrp_olimpia,São José do Rio Preto,Não
Catinguá,Tabapuã,http://www.mpsp.mp.br/portal/page/portal/Promotorias_de_Justica/regioes_adm/relacoes_regionais/rel_regionais_sao_jose/sjrp_tabapua,São José do Rio Preto,Não
Cedral,São José do Rio Preto,http://www.mpsp.mp.br/portal/page/portal/Promotorias_de_Justica/regioes_adm/relacoes_regionais/rel_regionais_sao_jose/sjrp_sao_jose,São José do Rio Preto,Não
Colômbia,Barretos,http://www.mpsp.mp.br/portal/page/portal/Promotorias_de_Justica/regioes_adm/relacoes_regionais/rel_regionais_sao_jose/sjrp_barretos,São José do Rio Preto,Não
Cosmorama,Tanabi,http://www.mpsp.mp.br/portal/page/portal/Promotorias_de_Justica/regioes_adm/relacoes_regionais/rel_regionais_sao_jose/sjrp_tanabi,São José do Rio Preto,Não
Dirce Reis,Jales,http://www.mpsp.mp.br/portal/page/portal/Promotorias_de_Justica/regioes_adm/relacoes_regionais/rel_regionais_sao_jose/sjrp_jales,São José do Rio Preto,Não
Dolcinópolis,Estrela D'Oeste,http://www.mpsp.mp.br/portal/page/portal/Promotorias_de_Justica/regioes_adm/relacoes_regionais/rel_regionais_sao_jose/sjrp_estrela_oeste,São José do Rio Preto,Não
Elisiário,Catanduva,http://www.mpsp.mp.br/portal/page/portal/Promotorias_de_Justica/regioes_adm/relacoes_regionais/rel_regionais_sao_jose/sjrp_catanduva,São José do Rio Preto,Não
Embaúba,Olímpia,http://www.mpsp.mp.br/portal/page/portal/Promotorias_de_Justica/regioes_adm/relacoes_regionais/rel_regionais_sao_jose/sjrp_olimpia,São José do Rio Preto,Não
Floreal,Nhandeara,http://www.mpsp.mp.br/portal/page/portal/Promotorias_de_Justica/regioes_adm/relacoes_regionais/rel_regionais_sao_jose/sjrp_nhandeara,São José do Rio Preto,Não
Gastão Vidigal,Nhandeara,http://www.mpsp.mp.br/portal/page/portal/Promotorias_de_Justica/regioes_adm/relacoes_regionais/rel_regionais_sao_jose/sjrp_nhandeara,São José do Rio Preto,Não
Guapiaçú,São José do Rio Preto,http://www.mpsp.mp.br/portal/page/portal/Promotorias_de_Justica/regioes_adm/relacoes_regionais/rel_regionais_sao_jose/sjrp_sao_jose,São José do Rio Preto,Não
Guaraci,Olímpia,http://www.mpsp.mp.br/portal/page/portal/Promotorias_de_Justica/regioes_adm/relacoes_regionais/rel_regionais_sao_jose/sjrp_olimpia,São José do Rio Preto,Não
Guarani D'Oeste,Ouroeste,http://www.mpsp.mp.br/portal/page/portal/Promotorias_de_Justica/regioes_adm/relacoes_regionais/rel_regionais_sao_jose/sjrp_oroeste,São José do Rio Preto,Não
Guzolândia,Auriflama,http://www.mpsp.mp.br/portal/page/portal/Promotorias_de_Justica/regioes_adm/relacoes_regionais/rel_regionais_sao_jose/sjrp_auriflama,São José do Rio Preto,Não
Ibirá,Catanduva,http://www.mpsp.mp.br/portal/page/portal/Promotorias_de_Justica/regioes_adm/relacoes_regionais/rel_regionais_sao_jose/sjrp_catanduva,São José do Rio Preto,Não
Icém,Nova Granada,http://www.mpsp.mp.br/portal/page/portal/Promotorias_de_Justica/regioes_adm/relacoes_regionais/rel_regionais_sao_jose/sjrp_nova_granada,São José do Rio Preto,Não
Indiaporã,Ouroeste,http://www.mpsp.mp.br/portal/page/portal/Promotorias_de_Justica/regioes_adm/relacoes_regionais/rel_regionais_sao_jose/sjrp_oroeste,São José do Rio Preto,Não
Ipiguá,São JOsé do Rio Preto,http://www.mpsp.mp.br/portal/page/portal/Promotorias_de_Justica/regioes_adm/relacoes_regionais/rel_regionais_sao_jose/sjrp_sao_jose,São José do Rio Preto,Não
Irapuã,Urupês,http://www.mpsp.mp.br/portal/page/portal/Promotorias_de_Justica/regioes_adm/relacoes_regionais/rel_regionais_sao_jose/sjrp_urupes,São José do Rio Preto,Não
Jaborandi,Colina,http://www.mpsp.mp.br/portal/page/portal/Promotorias_de_Justica/regioes_adm/relacoes_regionais/rel_regionais_sao_jose/sjrp_colina,São José do Rio Preto,Não
Jaci,Mirassol,http://www.mpsp.mp.br/portal/page/portal/Promotorias_de_Justica/regioes_adm/relacoes_regionais/rel_regionais_sao_jose/sjrp_mirassol,São José do Rio Preto,Não
Macedônia,Fernandópolis,http://www.mpsp.mp.br/portal/page/portal/Promotorias_de_Justica/regioes_adm/relacoes_regionais/rel_regionais_sao_jose/sjrp_fernandopolis,São José do Rio Preto,Não
Magda,Nhandeara,http://www.mpsp.mp.br/portal/page/portal/Promotorias_de_Justica/regioes_adm/relacoes_regionais/rel_regionais_sao_jose/sjrp_nhandeara,São José do Rio Preto,Não
Marapoama,Itajobi,http://www.mpsp.mp.br/portal/page/portal/Promotorias_de_Justica/regioes_adm/relacoes_regionais/rel_regionais_sao_jose/sjrp_itajobi,São José do Rio Preto,Não
Marinópolis,Palmeira D'Oeste,http://www.mpsp.mp.br/portal/page/portal/Promotorias_de_Justica/regioes_adm/relacoes_regionais/rel_regionais_sao_jose/sjrp_palmeira_oeste,São José do Rio Preto,Não
Mendonça,José Bonifácio,http://www.mpsp.mp.br/portal/page/portal/Promotorias_de_Justica/regioes_adm/relacoes_regionais/rel_regionais_sao_jose/sjrp_jose_bonifacio,São José do Rio Preto,Não
Meridiano,Fernandópolis,http://www.mpsp.mp.br/portal/page/portal/Promotorias_de_Justica/regioes_adm/relacoes_regionais/rel_regionais_sao_jose/sjrp_fernandopolis,São José do Rio Preto,Não
Mesópolis,Jales,http://www.mpsp.mp.br/portal/page/portal/Promotorias_de_Justica/regioes_adm/relacoes_regionais/rel_regionais_sao_jose/sjrp_jales,São José do Rio Preto,Não
Mira Estrela,Cardoso,http://www.mpsp.mp.br/portal/page/portal/Promotorias_de_Justica/regioes_adm/relacoes_regionais/rel_regionais_sao_jose/sjrp_cardoso,São José do Rio Preto,Não
Mirassolândia,Mirassol,http://www.mpsp.mp.br/portal/page/portal/Promotorias_de_Justica/regioes_adm/relacoes_regionais/rel_regionais_sao_jose/sjrp_mirassol,São José do Rio Preto,Não
Monções,Nhandeara,http://www.mpsp.mp.br/portal/page/portal/Promotorias_de_Justica/regioes_adm/relacoes_regionais/rel_regionais_sao_jose/sjrp_nhandeara,São José do Rio Preto,Não
Nipoã,Monte Aprazível,http://www.mpsp.mp.br/portal/page/portal/Promotorias_de_Justica/regioes_adm/relacoes_regionais/rel_regionais_sao_jose/sjrp_monte_aprazivel,São José do Rio Preto,Não
Nova Aliança,Potirendaba,http://www.mpsp.mp.br/portal/page/portal/Promotorias_de_Justica/regioes_adm/relacoes_regionais/rel_regionais_sao_jose/sjrp_potirendaba,São José do Rio Preto,Não
Nova Canaã Paulista,Santa Fé do Sul,http://www.mpsp.mp.br/portal/page/portal/Promotorias_de_Justica/regioes_adm/relacoes_regionais/rel_regionais_sao_jose/sjrp_santa_fe_sul,São José do Rio Preto,Não
Nova Castilho,General Salgado,http://www.mpsp.mp.br/portal/page/portal/Promotorias_de_Justica/regioes_adm/relacoes_regionais/rel_regionais_sao_jose/sjrp_general,São José do Rio Preto,Não
Nova Luzitânia,Nhandeara,http://www.mpsp.mp.br/portal/page/portal/Promotorias_de_Justica/regioes_adm/relacoes_regionais/rel_regionais_sao_jose/sjrp_nhandeara,São José do Rio Preto,Não
Novais,Tabapuã,http://www.mpsp.mp.br/portal/page/portal/Promotorias_de_Justica/regioes_adm/relacoes_regionais/rel_regionais_sao_jose/sjrp_tabapua,São José do Rio Preto,Não
Onda Verde,Nova Granada,http://www.mpsp.mp.br/portal/page/portal/Promotorias_de_Justica/regioes_adm/relacoes_regionais/rel_regionais_sao_jose/sjrp_nova_granada,São José do Rio Preto,Não
Orindiúva,Paulo de Faria,http://www.mpsp.mp.br/portal/page/portal/Promotorias_de_Justica/regioes_adm/relacoes_regionais/rel_regionais_sao_jose/sjrp_paulo_faria,São José do Rio Preto,Não
Palmares Paulista,Santa Adélia,http://www.mpsp.mp.br/portal/page/portal/Promotorias_de_Justica/regioes_adm/relacoes_regionais/rel_regionais_sao_jose/sjrp_santa_adelia,São José do Rio Preto,Não
Paranapuã,Jales,http://www.mpsp.mp.br/portal/page/portal/Promotorias_de_Justica/regioes_adm/relacoes_regionais/rel_regionais_sao_jose/sjrp_jales,São José do Rio Preto,Não
Parisi,Votuporanga,http://www.mpsp.mp.br/portal/page/portal/Promotorias_de_Justica/regioes_adm/relacoes_regionais/rel_regionais_sao_jose/sjrp_votuporanga,São José do Rio Preto,Não
Pedranópolis,Fernadópolis,http://www.mpsp.mp.br/portal/page/portal/Promotorias_de_Justica/regioes_adm/relacoes_regionais/rel_regionais_sao_jose/sjrp_fernandopolis,São José do Rio Preto,Não
Pindorama,Catanduva,http://www.mpsp.mp.br/portal/page/portal/Promotorias_de_Justica/regioes_adm/relacoes_regionais/rel_regionais_sao_jose/sjrp_catanduva,São José do Rio Preto,Não
Poloni,Monte Aprazível,http://www.mpsp.mp.br/portal/page/portal/Promotorias_de_Justica/regioes_adm/relacoes_regionais/rel_regionais_sao_jose/sjrp_monte_aprazivel,São José do Rio Preto,Não
Pontalinda,Jales,http://www.mpsp.mp.br/portal/page/portal/Promotorias_de_Justica/regioes_adm/relacoes_regionais/rel_regionais_sao_jose/sjrp_jales,São José do Rio Preto,Não
Pontes Gestal,Cardoso,http://www.mpsp.mp.br/portal/page/portal/Promotorias_de_Justica/regioes_adm/relacoes_regionais/rel_regionais_sao_jose/sjrp_cardoso,São José do Rio Preto,Não
Populina,Estrela D'Oeste,http://www.mpsp.mp.br/portal/page/portal/Promotorias_de_Justica/regioes_adm/relacoes_regionais/rel_regionais_sao_jose/sjrp_estrela_oeste,São José do Rio Preto,Não
Riolândia,Paulo de Faria,http://www.mpsp.mp.br/portal/page/portal/Promotorias_de_Justica/regioes_adm/relacoes_regionais/rel_regionais_sao_jose/sjrp_paulo_faria,São José do Rio Preto,Não
Rubinéia,Santa Fé do Sul,http://www.mpsp.mp.br/portal/page/portal/Promotorias_de_Justica/regioes_adm/relacoes_regionais/rel_regionais_sao_jose/sjrp_santa_fe_sul,São José do Rio Preto,Não
Sales,Urupês,http://www.mpsp.mp.br/portal/page/portal/Promotorias_de_Justica/regioes_adm/relacoes_regionais/rel_regionais_sao_jose/sjrp_urupes,São José do Rio Preto,Não
Santa Albertina,Jales,http://www.mpsp.mp.br/portal/page/portal/Promotorias_de_Justica/regioes_adm/relacoes_regionais/rel_regionais_sao_jose/sjrp_jales,São José do Rio Preto,Não
Santa Clara D'Oeste,Santa Fé do Sul,http://www.mpsp.mp.br/portal/page/portal/Promotorias_de_Justica/regioes_adm/relacoes_regionais/rel_regionais_sao_jose/sjrp_santa_fe_sul,São José do Rio Preto,Não
Santa Rita D'Oeste,Santa Fé do SUl,http://www.mpsp.mp.br/portal/page/portal/Promotorias_de_Justica/regioes_adm/relacoes_regionais/rel_regionais_sao_jose/sjrp_santa_fe_sul,São José do Rio Preto,Não
Santa Salete,Urânia,http://www.mpsp.mp.br/portal/page/portal/Promotorias_de_Justica/regioes_adm/relacoes_regionais/rel_regionais_sao_jose/sjrp_urania,São José do Rio Preto,Não
Santana da Ponte Pensa,Santa Fé do Sul,http://www.mpsp.mp.br/portal/page/portal/Promotorias_de_Justica/regioes_adm/relacoes_regionais/rel_regionais_sao_jose/sjrp_santa_fe_sul,São José do Rio Preto,Não
Sebastianópolis do Sul,Macaubal,http://www.mpsp.mp.br/portal/page/portal/Promotorias_de_Justica/regioes_adm/relacoes_regionais/rel_regionais_sao_jose/sjrp_macaubal,São José do Rio Preto,Não
Severínia,Olímpia,http://www.mpsp.mp.br/portal/page/portal/Promotorias_de_Justica/regioes_adm/relacoes_regionais/rel_regionais_sao_jose/sjrp_olimpia,São José do Rio Preto,Não
São Francisco,Palmeira D'Oeste,http://www.mpsp.mp.br/portal/page/portal/Promotorias_de_Justica/regioes_adm/relacoes_regionais/rel_regionais_sao_jose/sjrp_palmeira_oeste,São José do Rio Preto,Não
São João das Duas Pontes,Estrela D'Oeste,http://www.mpsp.mp.br/portal/page/portal/Promotorias_de_Justica/regioes_adm/relacoes_regionais/rel_regionais_sao_jose/sjrp_estrela_oeste,São José do Rio Preto,Não
São João de Iracema,General Salgado,http://www.mpsp.mp.br/portal/page/portal/Promotorias_de_Justica/regioes_adm/relacoes_regionais/rel_regionais_sao_jose/sjrp_general,São José do Rio Preto,Não
Três Fronteiras,Santa Fé do Sul,http://www.mpsp.mp.br/portal/page/portal/Promotorias_de_Justica/regioes_adm/relacoes_regionais/rel_regionais_sao_jose/sjrp_santa_fe_sul,São José do Rio Preto,Não
Turmalina,Estrela D'Oeste,http://www.mpsp.mp.br/portal/page/portal/Promotorias_de_Justica/regioes_adm/relacoes_regionais/rel_regionais_sao_jose/sjrp_estrela_oeste,São José do Rio Preto,Não
Ubarana,José Bonifácio,http://www.mpsp.mp.br/portal/page/portal/Promotorias_de_Justica/regioes_adm/relacoes_regionais/rel_regionais_sao_jose/sjrp_jose_bonifacio,São José do Rio Preto,Não
Uchoa,São José do Rio Preto,http://www.mpsp.mp.br/portal/page/portal/Promotorias_de_Justica/regioes_adm/relacoes_regionais/rel_regionais_sao_jose/sjrp_sao_jose,São José do Rio Preto,Não
União Paulista,Macaubal,http://www.mpsp.mp.br/portal/page/portal/Promotorias_de_Justica/regioes_adm/relacoes_regionais/rel_regionais_sao_jose/sjrp_macaubal,São José do Rio Preto,Não
Valentim Gentil,Votuporanga,http://www.mpsp.mp.br/portal/page/portal/Promotorias_de_Justica/regioes_adm/relacoes_regionais/rel_regionais_sao_jose/sjrp_votuporanga,São José do Rio Preto,Não
Vitória Brasil,Jales,http://www.mpsp.mp.br/portal/page/portal/Promotorias_de_Justica/regioes_adm/relacoes_regionais/rel_regionais_sao_jose/sjrp_jales,São José do Rio Preto,Não
Álvares Florence,Votuporanga,http://www.mpsp.mp.br/portal/page/portal/Promotorias_de_Justica/regioes_adm/relacoes_regionais/rel_regionais_sao_jose/sjrp_votuporanga,São José do Rio Preto,Não
Alfredo Marcondes,Presidente Prudente,http://www.mpsp.mp.br/portal/page/portal/Promotorias_de_Justica/regioes_adm/relacoes_regionais/rel_regionais_pprudente/pp_presidente_prudente,Presidente Prudente,Não
Anhumas,Presidente Prudente,http://www.mpsp.mp.br/portal/page/portal/Promotorias_de_Justica/regioes_adm/relacoes_regionais/rel_regionais_pprudente/pp_presidente_prudente,Presidente Prudente,Não
Arco-Íris,Tupã,http://www.mpsp.mp.br/portal/page/portal/Promotorias_de_Justica/regioes_adm/relacoes_regionais/rel_regionais_pprudente/pp_tupa,Presidente Prudente,Não
Borá,Paraguaçu Paulista,http://www.mpsp.mp.br/portal/page/portal/Promotorias_de_Justica/regioes_adm/relacoes_regionais/rel_regionais_pprudente/pp_paraguacu_paulista,Presidente Prudente,Não
Caiabu,Regente Feijó,http://www.mpsp.mp.br/portal/page/portal/Promotorias_de_Justica/regioes_adm/relacoes_regionais/rel_regionais_pprudente/pp_regente_feijo,Presidente Prudente,Não
Caiuá,Presidente Epitácio,http://www.mpsp.mp.br/portal/page/portal/Promotorias_de_Justica/regioes_adm/relacoes_regionais/rel_regionais_pprudente/pp_presidente_epitacio,Presidente Prudente,Não
Cruzália,Maracaí,http://www.mpsp.mp.br/portal/page/portal/Promotorias_de_Justica/regioes_adm/relacoes_regionais/rel_regionais_pprudente/pp_maracai,Presidente Prudente,Não
Echaporã,Assis,http://www.mpsp.mp.br/portal/page/portal/Promotorias_de_Justica/regioes_adm/relacoes_regionais/rel_regionais_pprudente/pp_assis,Presidente Prudente,Não
Emilianópolis,Presidente Bernardes,http://www.mpsp.mp.br/portal/page/portal/Promotorias_de_Justica/regioes_adm/relacoes_regionais/rel_regionais_pprudente/pp_presidente_bernardes,Presidente Prudente,Não
Estrela do Norte,Pirapozinho,http://www.mpsp.mp.br/portal/page/portal/Promotorias_de_Justica/regioes_adm/relacoes_regionais/rel_regionais_pprudente/pp_pirapozinho,Presidente Prudente,Não
Euclides da Cunha Paulista,Teodoro Sampaio,http://www.mpsp.mp.br/portal/page/portal/Promotorias_de_Justica/regioes_adm/relacoes_regionais/rel_regionais_pprudente/pp_teodoro_sampaio,Presidente Prudente,Não
Flora Rica,Pacaembu,http://www.mpsp.mp.br/portal/page/portal/Promotorias_de_Justica/regioes_adm/relacoes_regionais/rel_regionais_pprudente/pp_pacaembu,Presidente Prudente,Não
Florínia,Assis,http://www.mpsp.mp.br/portal/page/portal/Promotorias_de_Justica/regioes_adm/relacoes_regionais/rel_regionais_pprudente/pp_assis,Presidente Prudente,Não
Herculândia,Tupã,http://www.mpsp.mp.br/portal/page/portal/Promotorias_de_Justica/regioes_adm/relacoes_regionais/rel_regionais_pprudente/pp_tupa,Presidente Prudente,Não
Iacri,Bastos,http://www.mpsp.mp.br/portal/page/portal/Promotorias_de_Justica/regioes_adm/relacoes_regionais/rel_regionais_pprudente/pp_bastos,Presidente Prudente,Não
Indiana,Martinópolis,http://www.mpsp.mp.br/portal/page/portal/Promotorias_de_Justica/regioes_adm/relacoes_regionais/rel_regionais_pprudente/pp_martinopolis,Presidente Prudente,Não
Inúbia Paulista,Lucélia,http://www.mpsp.mp.br/portal/page/portal/Promotorias_de_Justica/regioes_adm/relacoes_regionais/rel_regionais_pprudente/pp_lucelia,Presidente Prudente,Não
Irapuru,Pacaembu,http://www.mpsp.mp.br/portal/page/portal/Promotorias_de_Justica/regioes_adm/relacoes_regionais/rel_regionais_pprudente/pp_pacaembu,Presidente Prudente,Não
João Ramalho,Quatá,http://www.mpsp.mp.br/portal/page/portal/Promotorias_de_Justica/regioes_adm/relacoes_regionais/rel_regionais_pprudente/pp_quata,Presidente Prudente,Não
Lutécia,Paraguaçu Paulista,http://www.mpsp.mp.br/portal/page/portal/Promotorias_de_Justica/regioes_adm/relacoes_regionais/rel_regionais_pprudente/pp_paraguacu_paulista,Presidente Prudente,Não
Marabá Paulista,Presidente Venceslau,http://www.mpsp.mp.br/portal/page/portal/Promotorias_de_Justica/regioes_adm/relacoes_regionais/rel_regionais_pprudente/pp_presidente_venceslau,Presidente Prudente,Não
Mariápolis,Adamantina,http://www.mpsp.mp.br/portal/page/portal/Promotorias_de_Justica/regioes_adm/relacoes_regionais/rel_regionais_pprudente/pp_adamantina,Presidente Prudente,Não
Monte Castelo,Tupi Paulista,http://www.mpsp.mp.br/portal/page/portal/Promotorias_de_Justica/regioes_adm/relacoes_regionais/rel_regionais_pprudente/pp_tupi_paulista,Presidente Prudente,Não
Nantes,Iepê,http://www.mpsp.mp.br/portal/page/portal/Promotorias_de_Justica/regioes_adm/relacoes_regionais/rel_regionais_pprudente/pp_iepe,Presidente Prudente,Não
Narandiba,Pirapozinho,http://www.mpsp.mp.br/portal/page/portal/Promotorias_de_Justica/regioes_adm/relacoes_regionais/rel_regionais_pprudente/pp_pirapozinho,Presidente Prudente,Não
Nova Guataporanga,Tupi Paulista,http://www.mpsp.mp.br/portal/page/portal/Promotorias_de_Justica/regioes_adm/relacoes_regionais/rel_regionais_pprudente/pp_tupi_paulista,Presidente Prudente,Não
Oscar Bressane,Paraguaçu Paulista,http://www.mpsp.mp.br/portal/page/portal/Promotorias_de_Justica/regioes_adm/relacoes_regionais/rel_regionais_pprudente/pp_paraguacu_paulista,Presidente Prudente,Não
Ouro Verde,Dracena,http://www.mpsp.mp.br/portal/page/portal/Promotorias_de_Justica/regioes_adm/relacoes_regionais/rel_regionais_pprudente/pp_dracena,Presidente Prudente,Não
Parapuã,Osvaldo Cruz,http://www.mpsp.mp.br/portal/page/portal/Promotorias_de_Justica/regioes_adm/relacoes_regionais/rel_regionais_pprudente/pp_osvaldo_cruz,Presidente Prudente,Não
Paulicéia,Panorama,http://www.mpsp.mp.br/portal/page/portal/Promotorias_de_Justica/regioes_adm/relacoes_regionais/rel_regionais_pprudente/pp_panorama,Presidente Prudente,Não
Pedrinhas Paulista,Maracaí,http://www.mpsp.mp.br/portal/page/portal/Promotorias_de_Justica/regioes_adm/relacoes_regionais/rel_regionais_pprudente/pp_maracai,Presidente Prudente,Não
Piquerobi,Santo Anastácio,http://www.mpsp.mp.br/portal/page/portal/Promotorias_de_Justica/regioes_adm/relacoes_regionais/rel_regionais_pprudente/pp_santo_anastacio,Presidente Prudente,Não
Pracinha,Lucélia,http://www.mpsp.mp.br/portal/page/portal/Promotorias_de_Justica/regioes_adm/relacoes_regionais/rel_regionais_pprudente/pp_lucelia,Presidente Prudente,Não
Queiroz,Tupã,http://www.mpsp.mp.br/portal/page/portal/Promotorias_de_Justica/regioes_adm/relacoes_regionais/rel_regionais_pprudente/pp_tupa,Presidente Prudente,Não
Ribeirão dos indíos,Santo Anastácio,http://www.mpsp.mp.br/portal/page/portal/Promotorias_de_Justica/regioes_adm/relacoes_regionais/rel_regionais_pprudente/pp_santo_anastacio,Presidente Prudente,Não
Rinópolis,Tupã,"http://www.mpsp.mp.br/portal/page/portal/Promotorias_de_Justica/regioes_adm/relacoes_regionais/rel_regionais_pprudente/pp_tupa
",Presidente Prudente,Não
Sagres,Osvaldo Cruz,http://www.mpsp.mp.br/portal/page/portal/Promotorias_de_Justica/regioes_adm/relacoes_regionais/rel_regionais_pprudente/pp_osvaldo_cruz,Presidente Prudente,Não
Salmourão,Osvaldo Cruz,http://www.mpsp.mp.br/portal/page/portal/Promotorias_de_Justica/regioes_adm/relacoes_regionais/rel_regionais_pprudente/pp_osvaldo_cruz,Presidente Prudente,Não
Sandovalina,Pirapozinho,http://www.mpsp.mp.br/portal/page/portal/Promotorias_de_Justica/regioes_adm/relacoes_regionais/rel_regionais_pprudente/pp_pirapozinho,Presidente Prudente,Não
Santa Mercedes,Panorama,http://www.mpsp.mp.br/portal/page/portal/Promotorias_de_Justica/regioes_adm/relacoes_regionais/rel_regionais_pprudente/pp_panorama,Presidente Prudente,Não
Santo Expedito,Presidente Prudente,http://www.mpsp.mp.br/portal/page/portal/Promotorias_de_Justica/regioes_adm/relacoes_regionais/rel_regionais_pprudente/pp_presidente_prudente,Presidente Prudente,Não
São João do Pau d'Alho,Tupi Paulista,http://www.mpsp.mp.br/portal/page/portal/Promotorias_de_Justica/regioes_adm/relacoes_regionais/rel_regionais_pprudente/pp_tupi_paulista,Presidente Prudente,Não
Taciba,Regente Feijó,http://www.mpsp.mp.br/portal/page/portal/Promotorias_de_Justica/regioes_adm/relacoes_regionais/rel_regionais_pprudente/pp_regente_feijo,Presidente Prudente,Não
Tarabaí,Pirapozinho,http://www.mpsp.mp.br/portal/page/portal/Promotorias_de_Justica/regioes_adm/relacoes_regionais/rel_regionais_pprudente/pp_pirapozinho,Presidente Prudente,Não
Tarumã,Assis,http://www.mpsp.mp.br/portal/page/portal/Promotorias_de_Justica/regioes_adm/relacoes_regionais/rel_regionais_pprudente/pp_assis,Presidente Prudente,Não
Álvares Machado,Presidente Prudente,http://www.mpsp.mp.br/portal/page/portal/Promotorias_de_Justica/regioes_adm/relacoes_regionais/rel_regionais_pprudente/pp_presidente_prudente,Presidente Prudente,Não
Alvinlândia,Garça,http://www.mpsp.mp.br/portal/page/portal/Promotorias_de_Justica/regioes_adm/relacoes_regionais/rel_regionais_bauru/bau_garca,Bauru,Não
Arandu,Avaré,http://www.mpsp.mp.br/portal/page/portal/Promotorias_de_Justica/regioes_adm/relacoes_regionais/rel_regionais_bauru/bau_avare,Bauru,Não
Arealva,Bauru,http://www.mpsp.mp.br/portal/page/portal/Promotorias_de_Justica/regioes_adm/relacoes_regionais/rel_regionais_bauru/bau_bauru,Bauru,Não
Areiópolis,São Manuel,http://www.mpsp.mp.br/portal/page/portal/Promotorias_de_Justica/regioes_adm/relacoes_regionais/rel_regionais_bauru/bau_sao_manuel,Bauru,Não
Avaí,Bauru,http://www.mpsp.mp.br/portal/page/portal/Promotorias_de_Justica/regioes_adm/relacoes_regionais/rel_regionais_bauru/bau_bauru,Bauru,Não
Balbinos,Pirajuí,http://www.mpsp.mp.br/portal/page/portal/Promotorias_de_Justica/regioes_adm/relacoes_regionais/rel_regionais_bauru/bau_pirajui,Bauru,Não
Bernardino de Campos,Ipaussu,http://www.mpsp.mp.br/portal/page/portal/Promotorias_de_Justica/regioes_adm/relacoes_regionais/rel_regionais_bauru/bau_ipaussu,Bauru,Não
Bocaina,Jaú,http://www.mpsp.mp.br/portal/page/portal/Promotorias_de_Justica/regioes_adm/relacoes_regionais/rel_regionais_bauru/bau_jau,Bauru,Não
Boracéia,Pederneiras,http://www.mpsp.mp.br/portal/page/portal/Promotorias_de_Justica/regioes_adm/relacoes_regionais/rel_regionais_bauru/bau_pederneiras,Bauru,Não
Borebi,Lençóis Paulista,http://www.mpsp.mp.br/portal/page/portal/Promotorias_de_Justica/regioes_adm/relacoes_regionais/rel_regionais_bauru/bau_lencois_paulista,Bauru,Não
Cabrália Paulista,Duartina,http://www.mpsp.mp.br/portal/page/portal/Promotorias_de_Justica/regioes_adm/relacoes_regionais/rel_regionais_bauru/bau_duartina,Bauru,Não
Campos Novos Paulista,Palmital,http://www.mpsp.mp.br/portal/page/portal/Promotorias_de_Justica/regioes_adm/relacoes_regionais/rel_regionais_bauru/bau_palmital,Bauru,Não
Canitar,Chavantes,http://www.mpsp.mp.br/portal/page/portal/Promotorias_de_Justica/regioes_adm/relacoes_regionais/rel_regionais_bauru/bau_chavantes,Bauru,Não
Espírito Santo do Turvo,Santa Cruz do Rio Pardo,http://www.mpsp.mp.br/portal/page/portal/Promotorias_de_Justica/regioes_adm/relacoes_regionais/rel_regionais_bauru/bau_rio_pardo,Bauru,Não
Fernão,Gália,http://www.mpsp.mp.br/portal/page/portal/Promotorias_de_Justica/regioes_adm/relacoes_regionais/rel_regionais_bauru/bau_galia,Bauru,Não
Iaras,Cerqueira César,http://www.mpsp.mp.br/portal/page/portal/Promotorias_de_Justica/regioes_adm/relacoes_regionais/rel_regionais_bauru/bau_cerqueira_cesar,Bauru,Não
Ibirarema,Palmital,http://www.mpsp.mp.br/portal/page/portal/Promotorias_de_Justica/regioes_adm/relacoes_regionais/rel_regionais_bauru/bau_palmital,Bauru,Não
Igaraçu do Tietê,Barra Bonita,http://www.mpsp.mp.br/portal/page/portal/Promotorias_de_Justica/regioes_adm/relacoes_regionais/rel_regionais_bauru/bau_barra_bonita,Bauru,Não
Itaju,Bariri,http://www.mpsp.mp.br/portal/page/portal/Promotorias_de_Justica/regioes_adm/relacoes_regionais/rel_regionais_bauru/bau_bariri,Bauru,Não
Itapuí,Jaú,http://www.mpsp.mp.br/portal/page/portal/Promotorias_de_Justica/regioes_adm/relacoes_regionais/rel_regionais_bauru/bau_jau,Bauru,Não
Lucianópolis,Duartina,http://www.mpsp.mp.br/portal/page/portal/Promotorias_de_Justica/regioes_adm/relacoes_regionais/rel_regionais_bauru/bau_duartina,Bauru,Não
Lupércio,Garça,http://www.mpsp.mp.br/portal/page/portal/Promotorias_de_Justica/regioes_adm/relacoes_regionais/rel_regionais_bauru/bau_garca,Bauru,Não
Manduri,Piraju,http://www.mpsp.mp.br/portal/page/portal/Promotorias_de_Justica/regioes_adm/relacoes_regionais/rel_regionais_bauru/bau_piraju,Bauru,Não
Mineiros do Tietê,Jaú,http://www.mpsp.mp.br/portal/page/portal/Promotorias_de_Justica/regioes_adm/relacoes_regionais/rel_regionais_bauru/bau_jau,Bauru,Não
Ocauçu,Marília,http://www.mpsp.mp.br/portal/page/portal/Promotorias_de_Justica/regioes_adm/relacoes_regionais/rel_regionais_bauru/bau_marilia,Bauru,Não
Oriente,Pompéia,http://www.mpsp.mp.br/portal/page/portal/Promotorias_de_Justica/regioes_adm/relacoes_regionais/rel_regionais_bauru/bau_pompeia,Bauru,Não
Pardinho,Botucatu,http://www.mpsp.mp.br/portal/page/portal/Promotorias_de_Justica/regioes_adm/relacoes_regionais/rel_regionais_bauru/bau_botucatu,Bauru,Não
Paulistânia,Agudos,http://www.mpsp.mp.br/portal/page/portal/Promotorias_de_Justica/regioes_adm/relacoes_regionais/rel_regionais_bauru/bau_agudos,Bauru,Não
Platina,Palmital,http://www.mpsp.mp.br/portal/page/portal/Promotorias_de_Justica/regioes_adm/relacoes_regionais/rel_regionais_bauru/bau_palmital,Bauru,Não
Pongaí,Pirajuí,http://www.mpsp.mp.br/portal/page/portal/Promotorias_de_Justica/regioes_adm/relacoes_regionais/rel_regionais_bauru/bau_pirajui,Bauru,Não
Pratânia,São Manuel,http://www.mpsp.mp.br/portal/page/portal/Promotorias_de_Justica/regioes_adm/relacoes_regionais/rel_regionais_bauru/bau_sao_manuel,Bauru,Não
Presidente Alves,Pirajuí,http://www.mpsp.mp.br/portal/page/portal/Promotorias_de_Justica/regioes_adm/relacoes_regionais/rel_regionais_bauru/bau_pirajui,Bauru,Não
Quintana,Pompéia,http://www.mpsp.mp.br/portal/page/portal/Promotorias_de_Justica/regioes_adm/relacoes_regionais/rel_regionais_bauru/bau_pompeia,Bauru,Não
Reginópolis,Pirajuí,http://www.mpsp.mp.br/portal/page/portal/Promotorias_de_Justica/regioes_adm/relacoes_regionais/rel_regionais_bauru/bau_pirajui,Bauru,Não
Ribeirão do Sul,Ourinhos,http://www.mpsp.mp.br/portal/page/portal/Promotorias_de_Justica/regioes_adm/relacoes_regionais/rel_regionais_bauru/bau_ourinhos,Bauru,Não
Salto Grande,Ourinhos,http://www.mpsp.mp.br/portal/page/portal/Promotorias_de_Justica/regioes_adm/relacoes_regionais/rel_regionais_bauru/bau_ourinhos,Bauru,Não
Sarutaiá,Piraju,http://www.mpsp.mp.br/portal/page/portal/Promotorias_de_Justica/regioes_adm/relacoes_regionais/rel_regionais_bauru/bau_piraju,Bauru,Não
São Pedro do Turvo,Santa Cruz do Rio Pardo,http://www.mpsp.mp.br/portal/page/portal/Promotorias_de_Justica/regioes_adm/relacoes_regionais/rel_regionais_bauru/bau_rio_pardo,Bauru,Não
Tabatinga,Ibitinga,http://www.mpsp.mp.br/portal/page/portal/Promotorias_de_Justica/regioes_adm/relacoes_regionais/rel_regionais_bauru/bau_ibitinga,Bauru,Não
Taguaí,Fartura,http://www.mpsp.mp.br/portal/page/portal/Promotorias_de_Justica/regioes_adm/relacoes_regionais/rel_regionais_bauru/bau_fartura,Bauru,Não
Tejupá,Piraju,http://www.mpsp.mp.br/portal/page/portal/Promotorias_de_Justica/regioes_adm/relacoes_regionais/rel_regionais_bauru/bau_piraju,Bauru,Não
Timburi,Piraju,http://www.mpsp.mp.br/portal/page/portal/Promotorias_de_Justica/regioes_adm/relacoes_regionais/rel_regionais_bauru/bau_piraju,Bauru,Não
Ubirajara,Duartina,http://www.mpsp.mp.br/portal/page/portal/Promotorias_de_Justica/regioes_adm/relacoes_regionais/rel_regionais_bauru/bau_duartina,Bauru,Não
Uru,Pirajuí,http://www.mpsp.mp.br/portal/page/portal/Promotorias_de_Justica/regioes_adm/relacoes_regionais/rel_regionais_bauru/bau_pirajui,Bauru,Não
Vera Cruz,Marília,http://www.mpsp.mp.br/portal/page/portal/Promotorias_de_Justica/regioes_adm/relacoes_regionais/rel_regionais_bauru/bau_marilia,Bauru,Não
Águas de Santa Bárbara,Cerqueira César,http://www.mpsp.mp.br/portal/page/portal/Promotorias_de_Justica/regioes_adm/relacoes_regionais/rel_regionais_bauru/bau_cerqueira_cesar,Bauru,Não
Álvaro de Carvalho,Garça,http://www.mpsp.mp.br/portal/page/portal/Promotorias_de_Justica/regioes_adm/relacoes_regionais/rel_regionais_bauru/bau_garca,Bauru,Não
Óleo,Piraju,http://www.mpsp.mp.br/portal/page/portal/Promotorias_de_Justica/regioes_adm/relacoes_regionais/rel_regionais_bauru/bau_piraju,Bauru,Não
Barrinha,Sertãozinho,http://www.mpsp.mp.br/portal/page/portal/Promotorias_de_Justica/regioes_adm/relacoes_regionais/rel_regionais_ribeirao_preto/rib_sertaozinho,Ribeirão Preto,Não
Boa Esperança do Sul,Ribeirão Bonito,http://www.mpsp.mp.br/portal/page/portal/Promotorias_de_Justica/regioes_adm/relacoes_regionais/rel_regionais_ribeirao_preto/rib_ribeirao_bonito,Ribeirão Preto,Não
Cássia dos Coqueiros,Cajuru,http://www.mpsp.mp.br/portal/page/portal/Promotorias_de_Justica/regioes_adm/relacoes_regionais/rel_regionais_ribeirao_preto/rib_cajuru,Ribeirão Preto,Não
Cândido Rodrigues,Taquaritinga,http://www.mpsp.mp.br/portal/page/portal/Promotorias_de_Justica/regioes_adm/relacoes_regionais/rel_regionais_ribeirao_preto/rib_taquaritinga,Ribeirão Preto,Não
Divinolândia,São Sebastião da Grama,http://www.mpsp.mp.br/portal/page/portal/Promotorias_de_Justica/regioes_adm/relacoes_regionais/rel_regionais_ribeirao_preto/rib_sao_sebastiao_grama,Ribeirão Preto,Não
Dobrada,Matão,http://www.mpsp.mp.br/portal/page/portal/Promotorias_de_Justica/regioes_adm/relacoes_regionais/rel_regionais_ribeirao_preto/rib_matao,Ribeirão Preto,Não
Dourado,Ribeirão Bonito,http://www.mpsp.mp.br/portal/page/portal/Promotorias_de_Justica/regioes_adm/relacoes_regionais/rel_regionais_ribeirao_preto/rib_ribeirao_bonito,Ribeirão Preto,Não
Dumont,Sertãozinho,http://www.mpsp.mp.br/portal/page/portal/Promotorias_de_Justica/regioes_adm/relacoes_regionais/rel_regionais_ribeirao_preto/rib_sertaozinho,Ribeirão Preto,Não
Fernando Prestes,Taquaritinga,http://www.mpsp.mp.br/portal/page/portal/Promotorias_de_Justica/regioes_adm/relacoes_regionais/rel_regionais_ribeirao_preto/rib_taquaritinga,Ribeirão Preto,Não
Gavião Peixoto,Araraquara,http://www.mpsp.mp.br/portal/page/portal/Promotorias_de_Justica/regioes_adm/relacoes_regionais/rel_regionais_ribeirao_preto/rib_araraquara,Ribeirão Preto,Não
Guatapará,Ribeirão Preto,http://www.mpsp.mp.br/portal/page/portal/Promotorias_de_Justica/regioes_adm/relacoes_regionais/rel_regionais_ribeirao_preto/rib_ribeirao_preto,Ribeirão Preto,Não
Itobi,Casa Branca,http://www.mpsp.mp.br/portal/page/portal/Promotorias_de_Justica/regioes_adm/relacoes_regionais/rel_regionais_ribeirao_preto/rib_casa_branca,Ribeirão Preto,Não
Luiz Antônio,São Simão,http://www.mpsp.mp.br/portal/page/portal/Promotorias_de_Justica/regioes_adm/relacoes_regionais/rel_regionais_ribeirao_preto/rib_sao_simao,Ribeirão Preto,Não
Motuca,Américo Brasiliense,http://www.mpsp.mp.br/portal/page/portal/Promotorias_de_Justica/regioes_adm/relacoes_regionais/rel_regionais_ribeirao_preto/rib_americo_brasiliense,Ribeirão Preto,Não
Nova Europa,Araraquara,http://www.mpsp.mp.br/portal/page/portal/Promotorias_de_Justica/regioes_adm/relacoes_regionais/rel_regionais_ribeirao_preto/rib_araraquara,Ribeirão Preto,Não
Paraíso,Monte Azul Paulista,http://www.mpsp.mp.br/portal/page/portal/Promotorias_de_Justica/regioes_adm/relacoes_regionais/rel_regionais_ribeirao_preto/sjrp_monte_azul_paulista,Ribeirão Preto,Não
Pradópolis,Guariba,http://www.mpsp.mp.br/portal/page/portal/Promotorias_de_Justica/regioes_adm/relacoes_regionais/rel_regionais_ribeirao_preto/rib_guariba,Ribeirão Preto,Não
Rincão,Américo Brasiliense,http://www.mpsp.mp.br/portal/page/portal/Promotorias_de_Justica/regioes_adm/relacoes_regionais/rel_regionais_ribeirao_preto/rib_americo_brasiliense,Ribeirão Preto,Não
Santa Cruz da Esperança,Cajuru,http://www.mpsp.mp.br/portal/page/portal/Promotorias_de_Justica/regioes_adm/relacoes_regionais/rel_regionais_ribeirao_preto/rib_cajuru,Ribeirão Preto,Não
Santa Ernestina,Taquaritinga,http://www.mpsp.mp.br/portal/page/portal/Promotorias_de_Justica/regioes_adm/relacoes_regionais/rel_regionais_ribeirao_preto/rib_taquaritinga,Ribeirão Preto,Não
Santa Lúcia,Américo Brasiliense,http://www.mpsp.mp.br/portal/page/portal/Promotorias_de_Justica/regioes_adm/relacoes_regionais/rel_regionais_ribeirao_preto/rib_americo_brasiliense,Ribeirão Preto,Não
Serra Azul,Cravinhos,http://www.mpsp.mp.br/portal/page/portal/Promotorias_de_Justica/regioes_adm/relacoes_regionais/rel_regionais_ribeirao_preto/rib_cravinhos,Ribeirão Preto,Não
Taiaçu,Jaboticabal,http://www.mpsp.mp.br/portal/page/portal/Promotorias_de_Justica/regioes_adm/relacoes_regionais/rel_regionais_ribeirao_preto/rib_jaboticabal,Ribeirão Preto,Não
Taiúva,Jaboticabal,http://www.mpsp.mp.br/portal/page/portal/Promotorias_de_Justica/regioes_adm/relacoes_regionais/rel_regionais_ribeirao_preto/rib_jaboticabal,Ribeirão Preto,Não
Tapiratiba,Caconde,http://www.mpsp.mp.br/portal/page/portal/Promotorias_de_Justica/regioes_adm/relacoes_regionais/rel_regionais_ribeirao_preto/rib_caconde,Ribeirão Preto,Não
Taquaral,Pitangueiras,http://www.mpsp.mp.br/portal/page/portal/Promotorias_de_Justica/regioes_adm/relacoes_regionais/rel_regionais_ribeirao_preto/rib_pitangueiras,Ribeirão Preto,Não
Terra Roxa,Viradouro,http://www.mpsp.mp.br/portal/page/portal/Promotorias_de_Justica/regioes_adm/relacoes_regionais/rel_regionais_ribeirao_preto/rib_viradouro,Ribeirão Preto,Não
Trabiju,Ribeirão Bonito,http://www.mpsp.mp.br/portal/page/portal/Promotorias_de_Justica/regioes_adm/relacoes_regionais/rel_regionais_ribeirao_preto/rib_ribeirao_bonito,Ribeirão Preto,Não
Vista Alegre do Alto,Pirangi,http://www.mpsp.mp.br/portal/page/portal/Promotorias_de_Justica/regioes_adm/relacoes_regionais/rel_regionais_ribeirao_preto/rib_pirangi,Ribeirão Preto,Não
Aramina,Igarapava,http://www.mpsp.mp.br/portal/page/portal/Promotorias_de_Justica/regioes_adm/relacoes_regionais/rel_regionais_franca/fra_igarapava,Franca,Não
Buritizal,Igarapava,http://www.mpsp.mp.br/portal/page/portal/Promotorias_de_Justica/regioes_adm/relacoes_regionais/rel_regionais_franca/fra_igarapava,Franca,Não
Cristais Paulista,Franca,http://www.mpsp.mp.br/portal/page/portal/Promotorias_de_Justica/regioes_adm/relacoes_regionais/rel_regionais_franca/fra_franca,Franca,Não
Itirapuã,Patrocínio Paulista,http://www.mpsp.mp.br/portal/page/portal/Promotorias_de_Justica/regioes_adm/relacoes_regionais/rel_regionais_franca/fra_patrocinio_paulista,Franca,Não
Jeriquara,Pedregulho,http://www.mpsp.mp.br/portal/page/portal/Promotorias_de_Justica/regioes_adm/relacoes_regionais/rel_regionais_franca/fra_pedregulho,Franca,Não
Restinga,Franca,http://www.mpsp.mp.br/portal/page/portal/Promotorias_de_Justica/regioes_adm/relacoes_regionais/rel_regionais_franca/fra_franca,Franca,Não
Ribeirão Corrente,Franca,http://www.mpsp.mp.br/portal/page/portal/Promotorias_de_Justica/regioes_adm/relacoes_regionais/rel_regionais_franca/fra_franca,Franca,Não
Rifaina,Pedregulho,http://www.mpsp.mp.br/portal/page/portal/Promotorias_de_Justica/regioes_adm/relacoes_regionais/rel_regionais_franca/fra_pedregulho,Franca,Não
Sales Oliveira,Nuporanga,http://www.mpsp.mp.br/portal/page/portal/Promotorias_de_Justica/regioes_adm/relacoes_regionais/rel_regionais_franca/fra_nuporanga,Franca,Não
Santo Antônio da Alegria,Altinópolis,http://www.mpsp.mp.br/portal/page/portal/Promotorias_de_Justica/regioes_adm/relacoes_regionais/rel_regionais_franca/fra_altinopolis,Franca,Não
São José da Bela Vista,Franca,http://www.mpsp.mp.br/portal/page/portal/Promotorias_de_Justica/regioes_adm/relacoes_regionais/rel_regionais_franca/fra_franca,Franca,Não
Analândia,Itirapina,http://www.mpsp.mp.br/portal/page/portal/Promotorias_de_Justica/regioes_adm/relacoes_regionais/regioes_adm_piracicaba/reg_piracicaba_itirapina,Piracicaba,Não
Anhembi,Conchas,http://www.mpsp.mp.br/portal/page/portal/Promotorias_de_Justica/regioes_adm/relacoes_regionais/regioes_adm_piracicaba/rel_piracicaba_conchas,Piracicaba,Não
Charqueada,Piracicaba,http://www.mpsp.mp.br/portal/page/portal/Promotorias_de_Justica/regioes_adm/relacoes_regionais/regioes_adm_piracicaba/rel_piracicaba_piracicaba,Piracicaba,Não
Corumbataí,Rio Claro,http://www.mpsp.mp.br/portal/page/portal/Promotorias_de_Justica/regioes_adm/relacoes_regionais/regioes_adm_piracicaba/reg_piracicaba_rio_claro,Piracicaba,Não
Ipeúna,Rio Claro,http://www.mpsp.mp.br/portal/page/portal/Promotorias_de_Justica/regioes_adm/relacoes_regionais/regioes_adm_piracicaba/reg_piracicaba_rio_claro,Piracicaba,Não
Iracemápolis,Limeira,http://www.mpsp.mp.br/portal/page/portal/Promotorias_de_Justica/regioes_adm/relacoes_regionais/regioes_adm_piracicaba/reg_piracicaba_limeira,Piracicaba,Não
Mombuca,Capivari,http://www.mpsp.mp.br/portal/page/portal/Promotorias_de_Justica/regioes_adm/relacoes_regionais/regioes_adm_piracicaba/reg_piracicaba_capivari,Piracicaba,Não
Pereiras,Conchas,http://www.mpsp.mp.br/portal/page/portal/Promotorias_de_Justica/regioes_adm/relacoes_regionais/regioes_adm_piracicaba/rel_piracicaba_conchas,Piracicaba,Não
Rafard,Capivari,http://www.mpsp.mp.br/portal/page/portal/Promotorias_de_Justica/regioes_adm/relacoes_regionais/regioes_adm_piracicaba/reg_piracicaba_capivari,Piracicaba,Não
Saltinho,Piracicaba,http://www.mpsp.mp.br/portal/page/portal/Promotorias_de_Justica/regioes_adm/relacoes_regionais/regioes_adm_piracicaba/rel_piracicaba_piracicaba,Piracicaba,Não
Santa Cruz da Conceição,Leme,http://www.mpsp.mp.br/portal/page/portal/Promotorias_de_Justica/regioes_adm/relacoes_regionais/regioes_adm_piracicaba/reg_piracicaba_leme,Piracicaba,Não
Santa Gertrudes,Rio Claro,http://www.mpsp.mp.br/portal/page/portal/Promotorias_de_Justica/regioes_adm/relacoes_regionais/regioes_adm_piracicaba/reg_piracicaba_rio_claro,Piracicaba,Não
Santa Maria da Serra,São Pedro,http://www.mpsp.mp.br/portal/page/portal/Promotorias_de_Justica/regioes_adm/relacoes_regionais/regioes_adm_piracicaba/reg_piracicaba_sao_pedro,Piracicaba,Não
Torrinha,Brotas,http://www.mpsp.mp.br/portal/page/portal/Promotorias_de_Justica/regioes_adm/relacoes_regionais/regioes_adm_piracicaba/reg_piracicaba_brotas,Piracicaba,Não
Águas de São Pedro,São Pedro,http://www.mpsp.mp.br/portal/page/portal/Promotorias_de_Justica/regioes_adm/relacoes_regionais/regioes_adm_piracicaba/reg_piracicaba_sao_pedro,Piracicaba,Não
Bom Jesus dos Perdões,Nazaré Paulista,http://www.mpsp.mp.br/portal/page/portal/Promotorias_de_Justica/regioes_adm/relacoes_regionais/rel_regionais_campinas/cam_nazare_paulista,Campinas,Não
Elias Fausto,Monte-Mor,http://www.mpsp.mp.br/portal/page/portal/Promotorias_de_Justica/regioes_adm/relacoes_regionais/rel_regionais_campinas/reg_piracicaba_monte_mor,Campinas,Não
Engenheiro Coelho,Artur Nogueira,http://www.mpsp.mp.br/portal/page/portal/Promotorias_de_Justica/regioes_adm/relacoes_regionais/rel_regionais_campinas/cam_artur_nogueira,Campinas,Não
Estiva Gerbi,Mogi Guaçu,http://www.mpsp.mp.br/portal/page/portal/Promotorias_de_Justica/regioes_adm/relacoes_regionais/rel_regionais_campinas/cam_moji_guacu,Campinas,Não
Holambra,Artur Nogueira,http://www.mpsp.mp.br/portal/page/portal/Promotorias_de_Justica/regioes_adm/relacoes_regionais/rel_regionais_campinas/cam_artur_nogueira,Campinas,Não
Joanópolis,Piracaia,http://www.mpsp.mp.br/portal/page/portal/Promotorias_de_Justica/regioes_adm/relacoes_regionais/rel_regionais_campinas/cam_piracaia,Campinas,Não
Lindóia,Águas de Lindóia,http://www.mpsp.mp.br/portal/page/portal/Promotorias_de_Justica/regioes_adm/relacoes_regionais/rel_regionais_campinas/cam_aguas_lindoia,Campinas,Não
Monte Alegre do Sul,Amparo,http://www.mpsp.mp.br/portal/page/portal/Promotorias_de_Justica/regioes_adm/relacoes_regionais/rel_regionais_campinas/cam_amparo,Campinas,Não
Morungaba,Itatiba,http://www.mpsp.mp.br/portal/page/portal/Promotorias_de_Justica/regioes_adm/relacoes_regionais/rel_regionais_campinas/cam_itatiba,Campinas,Não
Pedra Bela,Bragança Paulista,http://www.mpsp.mp.br/portal/page/portal/Promotorias_de_Justica/regioes_adm/relacoes_regionais/rel_regionais_campinas/cam_braganca,Campinas,Não
Santo Antônio da Posse,Jaguariúna,http://www.mpsp.mp.br/portal/page/portal/Promotorias_de_Justica/regioes_adm/relacoes_regionais/rel_regionais_campinas/cam_jaguariuna,Campinas,Não
Santo Antônio do Jardim,Espirito Santo do Pinhal,http://www.mpsp.mp.br/portal/page/portal/Promotorias_de_Justica/regioes_adm/relacoes_regionais/rel_regionais_campinas/cam_espirito_santo,Campinas,Não
Tuiuti,Bragança Paulista,http://www.mpsp.mp.br/portal/page/portal/Promotorias_de_Justica/regioes_adm/relacoes_regionais/rel_regionais_campinas/cam_braganca,Campinas,Não
Vargem,Bragança Paulista,http://www.mpsp.mp.br/portal/page/portal/Promotorias_de_Justica/regioes_adm/relacoes_regionais/rel_regionais_campinas/cam_braganca,Campinas,Não
Águas da Prata,São João da Boa Vista,http://www.mpsp.mp.br/portal/page/portal/Promotorias_de_Justica/regioes_adm/relacoes_regionais/rel_regionais_campinas/cam_sao_joao,Campinas,Não
Arapeí,Bananal,http://www.mpsp.mp.br/portal/page/portal/Promotorias_de_Justica/regioes_adm/relacoes_regionais/rel_regionais_taubate/tau_bananal,Taubaté,Não
Areias,Queluz,http://www.mpsp.mp.br/portal/page/portal/Promotorias_de_Justica/regioes_adm/relacoes_regionais/rel_regionais_taubate/tau_queluz,Taubaté,Não
Canas,Lorena,http://www.mpsp.mp.br/portal/page/portal/Promotorias_de_Justica/regioes_adm/relacoes_regionais/rel_regionais_taubate/tau_lorena,Taubaté,Não
Jambeiro,Caçapava,http://www.mpsp.mp.br/portal/page/portal/Promotorias_de_Justica/regioes_adm/relacoes_regionais/rel_regionais_taubate/tau_cacapava,Taubaté,Não
Lagoinha,São Luiz do Paraitinga,http://www.mpsp.mp.br/portal/page/portal/Promotorias_de_Justica/regioes_adm/relacoes_regionais/rel_regionais_taubate/tau_sao_luiz_paraitinga,Taubaté,Não
Lavrinhas,Cruzeiro,http://www.mpsp.mp.br/portal/page/portal/Promotorias_de_Justica/regioes_adm/relacoes_regionais/rel_regionais_taubate/tau_cruzeiro,Taubaté,Não
Monteiro Lobato,São José dos Campos,http://www.mpsp.mp.br/portal/page/portal/Promotorias_de_Justica/regioes_adm/relacoes_regionais/rel_regionais_taubate/tau_sao_jose_campos,Taubaté,Não
Natividade da Serra,Paraibuna,http://www.mpsp.mp.br/portal/page/portal/Promotorias_de_Justica/regioes_adm/relacoes_regionais/rel_regionais_taubate/tau_paraibuna,Taubaté,Não
Potim,Aparecida,http://www.mpsp.mp.br/portal/page/portal/Promotorias_de_Justica/regioes_adm/relacoes_regionais/rel_regionais_taubate/tau_aparecida,Taubaté,Não
Redenção da Serra,Taubaté,http://www.mpsp.mp.br/portal/page/portal/Promotorias_de_Justica/regioes_adm/relacoes_regionais/rel_regionais_taubate/tau_taubate,Taubaté,Não
Santo Antônio do Pinhal,São Bento do Sapucaí,http://www.mpsp.mp.br/portal/page/portal/Promotorias_de_Justica/regioes_adm/relacoes_regionais/rel_regionais_taubate/tau_sao_bento_sapucai,Taubaté,Não
Silveiras,Cachoeira Paulista,http://www.mpsp.mp.br/portal/page/portal/Promotorias_de_Justica/regioes_adm/relacoes_regionais/rel_regionais_taubate/tau_cachoeira_paulista,Taubaté,Não
São José do Barreiro,Bananal,http://www.mpsp.mp.br/portal/page/portal/Promotorias_de_Justica/regioes_adm/relacoes_regionais/rel_regionais_taubate/tau_bananal,Taubaté,Não
Alambari,Itapetininga,http://www.mpsp.mp.br/portal/page/portal/Promotorias_de_Justica/regioes_adm/relacoes_regionais/rel_regionais_sorocaba/sor_itapetininga,Sorocaba,Não
Alumínio,Mairinque,http://www.mpsp.mp.br/portal/page/portal/Promotorias_de_Justica/regioes_adm/relacoes_regionais/rel_regionais_sorocaba/sor_mairinque,Sorocaba,Não
Araçariguama,São Roque,http://www.mpsp.mp.br/portal/page/portal/Promotorias_de_Justica/regioes_adm/relacoes_regionais/rel_regionais_sorocaba/sor_sao_roque,Sorocaba,Não
Araçoiaba da Serra,Sorocaba,http://www.mpsp.mp.br/portal/page/portal/Promotorias_de_Justica/regioes_adm/relacoes_regionais/rel_regionais_sorocaba/sor_sorocaba,Sorocaba,Não
Barra do Chapéu,Apiaí,http://www.mpsp.mp.br/portal/page/portal/Promotorias_de_Justica/regioes_adm/relacoes_regionais/rel_regionais_sorocaba/sor_apiai,Sorocaba,Não
Barão de Antonina,Itaporanga,http://www.mpsp.mp.br/portal/page/portal/Promotorias_de_Justica/regioes_adm/relacoes_regionais/rel_regionais_sorocaba/sor_itaporanga,Sorocaba,Não
Bofete,Porangaba,http://www.mpsp.mp.br/portal/page/portal/Promotorias_de_Justica/regioes_adm/relacoes_regionais/rel_regionais_sorocaba/sor_porangaba,Sorocaba,Não
Bom Sucesso de Itararé,Itararé,http://www.mpsp.mp.br/portal/page/portal/Promotorias_de_Justica/regioes_adm/relacoes_regionais/rel_regionais_sorocaba/sor_itarare,Sorocaba,Não
Campina do Monte Alegre,Angatuba,http://www.mpsp.mp.br/portal/page/portal/Promotorias_de_Justica/regioes_adm/relacoes_regionais/rel_regionais_sorocaba/sor_angatuba,Sorocaba,Não
Capela do Alto,Tatuí,http://www.mpsp.mp.br/portal/page/portal/Promotorias_de_Justica/regioes_adm/relacoes_regionais/rel_regionais_sorocaba/sor_tatui,Sorocaba,Não
Coronel Macedo,Taquarituba,http://www.mpsp.mp.br/portal/page/portal/Promotorias_de_Justica/regioes_adm/relacoes_regionais/rel_regionais_sorocaba/bau_taquarituba,Sorocaba,Não
Guapiara,Capão Bonito,http://www.mpsp.mp.br/portal/page/portal/Promotorias_de_Justica/regioes_adm/relacoes_regionais/rel_regionais_sorocaba/sor_capao_bonito,Sorocaba,Não
Guareí,Porangaba,http://www.mpsp.mp.br/portal/page/portal/Promotorias_de_Justica/regioes_adm/relacoes_regionais/rel_regionais_sorocaba/sor_porangaba,Sorocaba,Não
Iperó,Boituva,http://www.mpsp.mp.br/portal/page/portal/Promotorias_de_Justica/regioes_adm/relacoes_regionais/rel_regionais_sorocaba/sor_boituva,Sorocaba,Não
Itapirapuã Paulista,Apiaí,http://www.mpsp.mp.br/portal/page/portal/Promotorias_de_Justica/regioes_adm/relacoes_regionais/rel_regionais_sorocaba/sor_apiai,Sorocaba,Não
Itaóca,Apiaí,http://www.mpsp.mp.br/portal/page/portal/Promotorias_de_Justica/regioes_adm/relacoes_regionais/rel_regionais_sorocaba/sor_apiai,Sorocaba,Não
Jumirim,Tietê,http://www.mpsp.mp.br/portal/page/portal/Promotorias_de_Justica/regioes_adm/relacoes_regionais/rel_regionais_sorocaba/soro_tiete,Sorocaba,Não
Nova Campina,Itapeva,http://www.mpsp.mp.br/portal/page/portal/Promotorias_de_Justica/regioes_adm/relacoes_regionais/rel_regionais_sorocaba/sor_itapeva,Sorocaba,Não
Quadra,Tatuí,http://www.mpsp.mp.br/portal/page/portal/Promotorias_de_Justica/regioes_adm/relacoes_regionais/rel_regionais_sorocaba/sor_tatui,Sorocaba,Não
Ribeira,Apiaí,http://www.mpsp.mp.br/portal/page/portal/Promotorias_de_Justica/regioes_adm/relacoes_regionais/rel_regionais_sorocaba/sor_apiai,Sorocaba,Não
Ribeirão Branco,Itapeva,http://www.mpsp.mp.br/portal/page/portal/Promotorias_de_Justica/regioes_adm/relacoes_regionais/rel_regionais_sorocaba/sor_itapeva,Sorocaba,Não
Ribeirão Grande,Capão Bonito,http://www.mpsp.mp.br/portal/page/portal/Promotorias_de_Justica/regioes_adm/relacoes_regionais/rel_regionais_sorocaba/sor_capao_bonito,Sorocaba,Não
Riversul,Itaporanga,http://www.mpsp.mp.br/portal/page/portal/Promotorias_de_Justica/regioes_adm/relacoes_regionais/rel_regionais_sorocaba/sor_itaporanga,Sorocaba,Não
Sarapuí,Itapetininga,http://www.mpsp.mp.br/portal/page/portal/Promotorias_de_Justica/regioes_adm/relacoes_regionais/rel_regionais_sorocaba/sor_itapetininga,Sorocaba,Não
Tapiraí,Piedade,http://www.mpsp.mp.br/portal/page/portal/Promotorias_de_Justica/regioes_adm/relacoes_regionais/rel_regionais_sorocaba/sor_piedade,Sorocaba,Não
Taquarivaí,Itapeva,http://www.mpsp.mp.br/portal/page/portal/Promotorias_de_Justica/regioes_adm/relacoes_regionais/rel_regionais_sorocaba/sor_itapeva,Sorocaba,Não
Torre de Pedra,Porangaba,http://www.mpsp.mp.br/portal/page/portal/Promotorias_de_Justica/regioes_adm/relacoes_regionais/rel_regionais_sorocaba/sor_porangaba,Sorocaba,Não
Biritiba Mirim,Mogi das Cruzes,http://www.mpsp.mp.br/portal/page/portal/Promotorias_de_Justica/regioes_adm/relacoes_regionais/gsp/mogi_das_cruzes,Grande São Paulo,Não
Igaratá,Santa Isabel,http://www.mpsp.mp.br/portal/page/portal/Promotorias_de_Justica/regioes_adm/relacoes_regionais/gsp/santa_isabel,Grande São Paulo,Não
Barra do Turvo,Jacupiranga,http://www.mpsp.mp.br/portal/page/portal/Promotorias_de_Justica/regioes_adm/relacoes_regionais/rel_regionais_vale_do_ribeira/vlribeira_jacupiranga,Vale do Ribeira,Não
Cajati,Jacupiranga,http://www.mpsp.mp.br/portal/page/portal/Promotorias_de_Justica/regioes_adm/relacoes_regionais/rel_regionais_vale_do_ribeira/vlribeira_jacupiranga,Vale do Ribeira,Não
Ilha Comprida,Iguape,http://www.mpsp.mp.br/portal/page/portal/Promotorias_de_Justica/regioes_adm/relacoes_regionais/rel_regionais_vale_do_ribeira/vlribeira_iguape,Vale do Ribeira,Não
Iporanga,Eldorado,http://www.mpsp.mp.br/portal/page/portal/Promotorias_de_Justica/regioes_adm/relacoes_regionais/rel_regionais_vale_do_ribeira/vlribeira_eldorado,Vale do Ribeira,Não
Pedro de Toledo,Itariri,http://www.mpsp.mp.br/portal/page/portal/Promotorias_de_Justica/regioes_adm/relacoes_regionais/rel_regionais_vale_do_ribeira/vlribeira_itariri,Vale do Ribeira,Não
Sete Barras,Registro,http://www.mpsp.mp.br/portal/page/portal/Promotorias_de_Justica/regioes_adm/relacoes_regionais/rel_regionais_vale_do_ribeira/vlribeira_registro,Vale do Ribeira,Não
