pj,url,municipio,ar,tem_pj
Auriflama,http://www.mpsp.mp.br/portal/page/portal/Promotorias_de_Justica/regioes_adm/relacoes_regionais/rel_regionais_sao_jose/sjrp_auriflama,Auriflama,São José do Rio Preto,Sim
Barretos,http://www.mpsp.mp.br/portal/page/portal/Promotorias_de_Justica/regioes_adm/relacoes_regionais/rel_regionais_sao_jose/sjrp_barretos,Barretos,São José do Rio Preto,Sim
Cardoso,http://www.mpsp.mp.br/portal/page/portal/Promotorias_de_Justica/regioes_adm/relacoes_regionais/rel_regionais_sao_jose/sjrp_cardoso,Cardoso,São José do Rio Preto,Sim
Catanduva,http://www.mpsp.mp.br/portal/page/portal/Promotorias_de_Justica/regioes_adm/relacoes_regionais/rel_regionais_sao_jose/sjrp_catanduva,Catanduva,São José do Rio Preto,Sim
Colina,http://www.mpsp.mp.br/portal/page/portal/Promotorias_de_Justica/regioes_adm/relacoes_regionais/rel_regionais_sao_jose/sjrp_colina,Colina,São José do Rio Preto,Sim
Estrela D'Oeste,http://www.mpsp.mp.br/portal/page/portal/Promotorias_de_Justica/regioes_adm/relacoes_regionais/rel_regionais_sao_jose/sjrp_estrela_oeste,Estrela D'Oeste,São José do Rio Preto,Sim
Fernandópolis,http://www.mpsp.mp.br/portal/page/portal/Promotorias_de_Justica/regioes_adm/relacoes_regionais/rel_regionais_sao_jose/sjrp_fernandopolis,Fernandópolis,São José do Rio Preto,Sim
General Salgado,http://www.mpsp.mp.br/portal/page/portal/Promotorias_de_Justica/regioes_adm/relacoes_regionais/rel_regionais_sao_jose/sjrp_general,General Salgado,São José do Rio Preto,Sim
Icém,http://www.mpsp.mp.br/portal/page/portal/Promotorias_de_Justica/regioes_adm/relacoes_regionais/rel_regionais_sao_jose/sjrp_icem,Icém,São José do Rio Preto,Sim
Itajobi,http://www.mpsp.mp.br/portal/page/portal/Promotorias_de_Justica/regioes_adm/relacoes_regionais/rel_regionais_sao_jose/sjrp_itajobi,Itajobi,São José do Rio Preto,Sim
Jales,http://www.mpsp.mp.br/portal/page/portal/Promotorias_de_Justica/regioes_adm/relacoes_regionais/rel_regionais_sao_jose/sjrp_jales,Jales,São José do Rio Preto,Sim
José Bonifácio,http://www.mpsp.mp.br/portal/page/portal/Promotorias_de_Justica/regioes_adm/relacoes_regionais/rel_regionais_sao_jose/sjrp_jose_bonifacio,José Bonifácio,São José do Rio Preto,Sim
Macaubal,http://www.mpsp.mp.br/portal/page/portal/Promotorias_de_Justica/regioes_adm/relacoes_regionais/rel_regionais_sao_jose/sjrp_macaubal,Macaubal,São José do Rio Preto,Sim
Mirasssol,http://www.mpsp.mp.br/portal/page/portal/Promotorias_de_Justica/regioes_adm/relacoes_regionais/rel_regionais_sao_jose/sjrp_mirassol,Mirasssol,São José do Rio Preto,Sim
Monte Aprazível,http://www.mpsp.mp.br/portal/page/portal/Promotorias_de_Justica/regioes_adm/relacoes_regionais/rel_regionais_sao_jose/sjrp_monte_aprazivel,Monte Aprazível,São José do Rio Preto,Sim
Neves Paulista,http://www.mpsp.mp.br/portal/page/portal/Promotorias_de_Justica/regioes_adm/relacoes_regionais/rel_regionais_sao_jose/sjrp_neves_paulista,Neves Paulista,São José do Rio Preto,Sim
Nhandeara,http://www.mpsp.mp.br/portal/page/portal/Promotorias_de_Justica/regioes_adm/relacoes_regionais/rel_regionais_sao_jose/sjrp_nhandeara,Nhandeara,São José do Rio Preto,Sim
Nova Granada,http://www.mpsp.mp.br/portal/page/portal/Promotorias_de_Justica/regioes_adm/relacoes_regionais/rel_regionais_sao_jose/sjrp_nova_granada,Nova Granada,São José do Rio Preto,Sim
Novo Horizonte,http://www.mpsp.mp.br/portal/page/portal/Promotorias_de_Justica/regioes_adm/relacoes_regionais/rel_regionais_sao_jose/sjrp_novo_horizonte,Novo Horizonte,São José do Rio Preto,Sim
Olímpia,http://www.mpsp.mp.br/portal/page/portal/Promotorias_de_Justica/regioes_adm/relacoes_regionais/rel_regionais_sao_jose/sjrp_olimpia,Olímpia,São José do Rio Preto,Sim
Ouroeste,http://www.mpsp.mp.br/portal/page/portal/Promotorias_de_Justica/regioes_adm/relacoes_regionais/rel_regionais_sao_jose/sjrp_oroeste,Ouroeste,São José do Rio Preto,Sim
Palestina,http://www.mpsp.mp.br/portal/page/portal/Promotorias_de_Justica/regioes_adm/relacoes_regionais/rel_regionais_sao_jose/sjrp_palestina,Palestina,São José do Rio Preto,Sim
Palmeria D'Oeste,http://www.mpsp.mp.br/portal/page/portal/Promotorias_de_Justica/regioes_adm/relacoes_regionais/rel_regionais_sao_jose/sjrp_palmeira_oeste,Palmeria D'Oeste,São José do Rio Preto,Sim
Paulo de Faria,http://www.mpsp.mp.br/portal/page/portal/Promotorias_de_Justica/regioes_adm/relacoes_regionais/rel_regionais_sao_jose/sjrp_paulo_faria,Paulo de Faria,São José do Rio Preto,Sim
Potirendaba,http://www.mpsp.mp.br/portal/page/portal/Promotorias_de_Justica/regioes_adm/relacoes_regionais/rel_regionais_sao_jose/sjrp_potirendaba,Potirendaba,São José do Rio Preto,Sim
Riolândia,http://www.mpsp.mp.br/portal/page/portal/Promotorias_de_Justica/regioes_adm/relacoes_regionais/rel_regionais_sao_jose/sjrp_riolandia,Riolândia,São José do Rio Preto,Sim
Santa Adélia,http://www.mpsp.mp.br/portal/page/portal/Promotorias_de_Justica/regioes_adm/relacoes_regionais/rel_regionais_sao_jose/sjrp_santa_adelia,Santa Adélia,São José do Rio Preto,Sim
Santa Fé do Sul,http://www.mpsp.mp.br/portal/page/portal/Promotorias_de_Justica/regioes_adm/relacoes_regionais/rel_regionais_sao_jose/sjrp_santa_fe_sul,Santa Fé do Sul,São José do Rio Preto,Sim
São José do Rio Preto,http://www.mpsp.mp.br/portal/page/portal/Promotorias_de_Justica/regioes_adm/relacoes_regionais/rel_regionais_sao_jose/sjrp_sao_jose,São José do Rio Preto,São José do Rio Preto,Sim
Tabapuã,http://www.mpsp.mp.br/portal/page/portal/Promotorias_de_Justica/regioes_adm/relacoes_regionais/rel_regionais_sao_jose/sjrp_tabapua,Tabapuã,São José do Rio Preto,Sim
Tanabi,http://www.mpsp.mp.br/portal/page/portal/Promotorias_de_Justica/regioes_adm/relacoes_regionais/rel_regionais_sao_jose/sjrp_tanabi,Tanabi,São José do Rio Preto,Sim
Urepês,http://www.mpsp.mp.br/portal/page/portal/Promotorias_de_Justica/regioes_adm/relacoes_regionais/rel_regionais_sao_jose/sjrp_urupes,Urepês,São José do Rio Preto,Sim
Urânia,http://www.mpsp.mp.br/portal/page/portal/Promotorias_de_Justica/regioes_adm/relacoes_regionais/rel_regionais_sao_jose/sjrp_urania,Urânia,São José do Rio Preto,Sim
Votuporanga,http://www.mpsp.mp.br/portal/page/portal/Promotorias_de_Justica/regioes_adm/relacoes_regionais/rel_regionais_sao_jose/sjrp_votuporanga,Votuporanga,São José do Rio Preto,Sim
Andradina,http://www.mpsp.mp.br/portal/page/portal/Promotorias_de_Justica/regioes_adm/relacoes_regionais/rel_regionais_aracatuba/ara_andradina,Andradina,Araçatuba,Sim
Araçatuba,http://www.mpsp.mp.br/portal/page/portal/Promotorias_de_Justica/regioes_adm/relacoes_regionais/rel_regionais_aracatuba/ara_aracatuba,Araçatuba,Araçatuba,Sim
Avanhandava,http://www.mpsp.mp.br/portal/page/portal/Promotorias_de_Justica/regioes_adm/relacoes_regionais/rel_regionais_aracatuba/ara_avanhandava,Avanhandava,Araçatuba,Sim
Bilac,http://www.mpsp.mp.br/portal/page/portal/Promotorias_de_Justica/regioes_adm/relacoes_regionais/rel_regionais_aracatuba/ara_bilac,Bilac,Araçatuba,Sim
Birigui,http://www.mpsp.mp.br/portal/page/portal/Promotorias_de_Justica/regioes_adm/relacoes_regionais/rel_regionais_aracatuba/ara_birigui,Birigui,Araçatuba,Sim
Buritama,http://www.mpsp.mp.br/portal/page/portal/Promotorias_de_Justica/regioes_adm/relacoes_regionais/rel_regionais_aracatuba/ara_buritama,Buritama,Araçatuba,Sim
Cafelândia,http://www.mpsp.mp.br/portal/page/portal/Promotorias_de_Justica/regioes_adm/relacoes_regionais/rel_regionais_aracatuba/ara_cafelandia,Cafelândia,Araçatuba,Sim
Getulina,http://www.mpsp.mp.br/portal/page/portal/Promotorias_de_Justica/regioes_adm/relacoes_regionais/rel_regionais_aracatuba/ara_getulina,Getulina,Araçatuba,Sim
Guararapes,http://www.mpsp.mp.br/portal/page/portal/Promotorias_de_Justica/regioes_adm/relacoes_regionais/rel_regionais_aracatuba/ara_guararapes,Guararapes,Araçatuba,Sim
Ilha Solteira,http://www.mpsp.mp.br/portal/page/portal/Promotorias_de_Justica/regioes_adm/relacoes_regionais/rel_regionais_aracatuba/ara_ilha_solteira,Ilha Solteira,Araçatuba,Sim
Lavínia,http://www.mpsp.mp.br/portal/page/portal/Promotorias_de_Justica/regioes_adm/relacoes_regionais/rel_regionais_aracatuba/ara_lavinia,Lavínia,Araçatuba,Sim
Lins,http://www.mpsp.mp.br/portal/page/portal/Promotorias_de_Justica/regioes_adm/relacoes_regionais/rel_regionais_aracatuba/ara_lins,Lins,Araçatuba,Sim
Mirandópolis,http://www.mpsp.mp.br/portal/page/portal/Promotorias_de_Justica/regioes_adm/relacoes_regionais/rel_regionais_aracatuba/ara_mirandopolis,Mirandópolis,Araçatuba,Sim
Penápolis,http://www.mpsp.mp.br/portal/page/portal/Promotorias_de_Justica/regioes_adm/relacoes_regionais/rel_regionais_aracatuba/ara_penapolis,Penápolis,Araçatuba,Sim
Pereira Barreto,http://www.mpsp.mp.br/portal/page/portal/Promotorias_de_Justica/regioes_adm/relacoes_regionais/rel_regionais_aracatuba/ara_pereira_barreto,Pereira Barreto,Araçatuba,Sim
Promissão,http://www.mpsp.mp.br/portal/page/portal/Promotorias_de_Justica/regioes_adm/relacoes_regionais/rel_regionais_aracatuba/ara_promissao,Promissão,Araçatuba,Sim
Valparaíso,http://www.mpsp.mp.br/portal/page/portal/Promotorias_de_Justica/regioes_adm/relacoes_regionais/rel_regionais_aracatuba/ara_valparaiso,Valparaíso,Araçatuba,Sim
Adamantina,http://www.mpsp.mp.br/portal/page/portal/Promotorias_de_Justica/regioes_adm/relacoes_regionais/rel_regionais_pprudente/pp_adamantina,Adamantina,Presidente Prudente,Sim
Assis,http://www.mpsp.mp.br/portal/page/portal/Promotorias_de_Justica/regioes_adm/relacoes_regionais/rel_regionais_pprudente/pp_assis,Assis,Presidente Prudente,Sim
Bastos,http://www.mpsp.mp.br/portal/page/portal/Promotorias_de_Justica/regioes_adm/relacoes_regionais/rel_regionais_pprudente/pp_bastos,Bastos,Presidente Prudente,Sim
Caiuá,http://www.mpsp.mp.br/portal/page/portal/Promotorias_de_Justica/regioes_adm/relacoes_regionais/rel_regionais_pprudente/pp_caiua,Caiuá,Presidente Prudente,Sim
Cândido Mota,http://www.mpsp.mp.br/portal/page/portal/Promotorias_de_Justica/regioes_adm/relacoes_regionais/rel_regionais_pprudente/pp_candido_mota,Cândido Mota,Presidente Prudente,Sim
Dracena,http://www.mpsp.mp.br/portal/page/portal/Promotorias_de_Justica/regioes_adm/relacoes_regionais/rel_regionais_pprudente/pp_dracena,Dracena,Presidente Prudente,Sim
Florínia,http://www.mpsp.mp.br/portal/page/portal/Promotorias_de_Justica/regioes_adm/relacoes_regionais/rel_regionais_pprudente/pp_florinia,Florínia,Presidente Prudente,Sim
Flórida Paulista,http://www.mpsp.mp.br/portal/page/portal/Promotorias_de_Justica/regioes_adm/relacoes_regionais/rel_regionais_pprudente/pp_florida_paulista,Flórida Paulista,Presidente Prudente,Sim
Herculândia,http://www.mpsp.mp.br/portal/page/portal/Promotorias_de_Justica/regioes_adm/relacoes_regionais/rel_regionais_pprudente/pp_herculandia,Herculândia,Presidente Prudente,Sim
Iepê,http://www.mpsp.mp.br/portal/page/portal/Promotorias_de_Justica/regioes_adm/relacoes_regionais/rel_regionais_pprudente/pp_iepe,Iepê,Presidente Prudente,Sim
Irapuru,http://www.mpsp.mp.br/portal/page/portal/Promotorias_de_Justica/regioes_adm/relacoes_regionais/rel_regionais_pprudente/pp_irapuru,Irapuru,Presidente Prudente,Sim
Junqueirópolis,http://www.mpsp.mp.br/portal/page/portal/Promotorias_de_Justica/regioes_adm/relacoes_regionais/rel_regionais_pprudente/pp_junqueiropolis,Junqueirópolis,Presidente Prudente,Sim
Lucélia,http://www.mpsp.mp.br/portal/page/portal/Promotorias_de_Justica/regioes_adm/relacoes_regionais/rel_regionais_pprudente/pp_lucelia,Lucélia,Presidente Prudente,Sim
Marabá Paulista,http://www.mpsp.mp.br/portal/page/portal/Promotorias_de_Justica/regioes_adm/relacoes_regionais/rel_regionais_pprudente/pp_maraba_paulista,Marabá Paulista,Presidente Prudente,Sim
Maracaí,http://www.mpsp.mp.br/portal/page/portal/Promotorias_de_Justica/regioes_adm/relacoes_regionais/rel_regionais_pprudente/pp_maracai,Maracaí,Presidente Prudente,Sim
Martinópolis,http://www.mpsp.mp.br/portal/page/portal/Promotorias_de_Justica/regioes_adm/relacoes_regionais/rel_regionais_pprudente/pp_martinopolis,Martinópolis,Presidente Prudente,Sim
Mirante do Paranapanema,http://www.mpsp.mp.br/portal/page/portal/Promotorias_de_Justica/regioes_adm/relacoes_regionais/rel_regionais_pprudente/pp_mirante_paranapanema,Mirante do Paranapanema,Presidente Prudente,Sim
Osvaldo Cruz,http://www.mpsp.mp.br/portal/page/portal/Promotorias_de_Justica/regioes_adm/relacoes_regionais/rel_regionais_pprudente/pp_osvaldo_cruz,Osvaldo Cruz,Presidente Prudente,Sim
Pacaembu,http://www.mpsp.mp.br/portal/page/portal/Promotorias_de_Justica/regioes_adm/relacoes_regionais/rel_regionais_pprudente/pp_pacaembu,Pacaembu,Presidente Prudente,Sim
Panorama,http://www.mpsp.mp.br/portal/page/portal/Promotorias_de_Justica/regioes_adm/relacoes_regionais/rel_regionais_pprudente/pp_panorama,Panorama,Presidente Prudente,Sim
Paraguaçu Paulista,http://www.mpsp.mp.br/portal/page/portal/Promotorias_de_Justica/regioes_adm/relacoes_regionais/rel_regionais_pprudente/pp_paraguacu_paulista,Paraguaçu Paulista,Presidente Prudente,Sim
Pirapozinho,http://www.mpsp.mp.br/portal/page/portal/Promotorias_de_Justica/regioes_adm/relacoes_regionais/rel_regionais_pprudente/pp_pirapozinho,Pirapozinho,Presidente Prudente,Sim
Pracinha,http://www.mpsp.mp.br/portal/page/portal/Promotorias_de_Justica/regioes_adm/relacoes_regionais/rel_regionais_pprudente/pp_pracinha,Pracinha,Presidente Prudente,Sim
Presidente Bernardes,http://www.mpsp.mp.br/portal/page/portal/Promotorias_de_Justica/regioes_adm/relacoes_regionais/rel_regionais_pprudente/pp_presidente_bernardes,Presidente Bernardes,Presidente Prudente,Sim
Presidente Epitácio,http://www.mpsp.mp.br/portal/page/portal/Promotorias_de_Justica/regioes_adm/relacoes_regionais/rel_regionais_pprudente/pp_presidente_epitacio,Presidente Epitácio,Presidente Prudente,Sim
Presidente Prudente,http://www.mpsp.mp.br/portal/page/portal/Promotorias_de_Justica/regioes_adm/relacoes_regionais/rel_regionais_pprudente/pp_presidente_prudente,Presidente Prudente,Presidente Prudente,Sim
Presidente Venceslau,http://www.mpsp.mp.br/portal/page/portal/Promotorias_de_Justica/regioes_adm/relacoes_regionais/rel_regionais_pprudente/pp_presidente_venceslau,Presidente Venceslau,Presidente Prudente,Sim
Quatá,http://www.mpsp.mp.br/portal/page/portal/Promotorias_de_Justica/regioes_adm/relacoes_regionais/rel_regionais_pprudente/pp_quata,Quatá,Presidente Prudente,Sim
Rancharia,http://www.mpsp.mp.br/portal/page/portal/Promotorias_de_Justica/regioes_adm/relacoes_regionais/rel_regionais_pprudente/pp_rancharia,Rancharia,Presidente Prudente,Sim
Regente Feíjo,http://www.mpsp.mp.br/portal/page/portal/Promotorias_de_Justica/regioes_adm/relacoes_regionais/rel_regionais_pprudente/pp_regente_feijo,Regente Feíjo,Presidente Prudente,Sim
Rinópolis,http://www.mpsp.mp.br/portal/page/portal/Promotorias_de_Justica/regioes_adm/relacoes_regionais/rel_regionais_pprudente/pp_rinopolis,Rinópolis,Presidente Prudente,Sim
Rosana,http://www.mpsp.mp.br/portal/page/portal/Promotorias_de_Justica/regioes_adm/relacoes_regionais/rel_regionais_pprudente/pp_rosana,Rosana,Presidente Prudente,Sim
Santo Anastácio,http://www.mpsp.mp.br/portal/page/portal/Promotorias_de_Justica/regioes_adm/relacoes_regionais/rel_regionais_pprudente/pp_santo_anastacio,Santo Anastácio,Presidente Prudente,Sim
Teodoro Sampaio,http://www.mpsp.mp.br/portal/page/portal/Promotorias_de_Justica/regioes_adm/relacoes_regionais/rel_regionais_pprudente/pp_teodoro_sampaio,Teodoro Sampaio,Presidente Prudente,Sim
Tupi Paulista,http://www.mpsp.mp.br/portal/page/portal/Promotorias_de_Justica/regioes_adm/relacoes_regionais/rel_regionais_pprudente/pp_tupi_paulista,Tupi Paulista,Presidente Prudente,Sim
Tupã,http://www.mpsp.mp.br/portal/page/portal/Promotorias_de_Justica/regioes_adm/relacoes_regionais/rel_regionais_pprudente/pp_tupa,Tupã,Presidente Prudente,Sim
Agudos,http://www.mpsp.mp.br/portal/page/portal/Promotorias_de_Justica/regioes_adm/relacoes_regionais/rel_regionais_bauru/bau_agudos,Agudos,Bauru,Sim
Avaré,http://www.mpsp.mp.br/portal/page/portal/Promotorias_de_Justica/regioes_adm/relacoes_regionais/rel_regionais_bauru/bau_avare,Avaré,Bauru,Sim
Avaí,http://www.mpsp.mp.br/portal/page/portal/Promotorias_de_Justica/regioes_adm/relacoes_regionais/rel_regionais_bauru/bau_avai,Avaí,Bauru,Sim
Balbinos,http://www.mpsp.mp.br/portal/page/portal/Promotorias_de_Justica/regioes_adm/relacoes_regionais/rel_regionais_bauru/bau_balbinos,Balbinos,Bauru,Sim
Bariri,http://www.mpsp.mp.br/portal/page/portal/Promotorias_de_Justica/regioes_adm/relacoes_regionais/rel_regionais_bauru/bau_bariri,Bariri,Bauru,Sim
Bauru,http://www.mpsp.mp.br/portal/page/portal/Promotorias_de_Justica/regioes_adm/relacoes_regionais/rel_regionais_bauru/bau_bauru,Bauru,Bauru,Sim
Borborema,http://www.mpsp.mp.br/portal/page/portal/Promotorias_de_Justica/regioes_adm/relacoes_regionais/rel_regionais_bauru/bau_borborema,Borborema,Bauru,Sim
Botucatu,http://www.mpsp.mp.br/portal/page/portal/Promotorias_de_Justica/regioes_adm/relacoes_regionais/rel_regionais_bauru/bau_botucatu,Botucatu,Bauru,Sim
Cerqueira Cesar,http://www.mpsp.mp.br/portal/page/portal/Promotorias_de_Justica/regioes_adm/relacoes_regionais/rel_regionais_bauru/bau_cerqueira_cesar,Cerqueira Cesar,Bauru,Sim
Chavantes,http://www.mpsp.mp.br/portal/page/portal/Promotorias_de_Justica/regioes_adm/relacoes_regionais/rel_regionais_bauru/bau_chavantes,Chavantes,Bauru,Sim
Dois Córregos,http://www.mpsp.mp.br/portal/page/portal/Promotorias_de_Justica/regioes_adm/relacoes_regionais/rel_regionais_bauru/bau_2corregos,Dois Córregos,Bauru,Sim
Duartina,http://www.mpsp.mp.br/portal/page/portal/Promotorias_de_Justica/regioes_adm/relacoes_regionais/rel_regionais_bauru/bau_duartina,Duartina,Bauru,Sim
Fartura,http://www.mpsp.mp.br/portal/page/portal/Promotorias_de_Justica/regioes_adm/relacoes_regionais/rel_regionais_bauru/bau_fartura,Fartura,Bauru,Sim
Garça,http://www.mpsp.mp.br/portal/page/portal/Promotorias_de_Justica/regioes_adm/relacoes_regionais/rel_regionais_bauru/bau_garca,Garça,Bauru,Sim
Gália,http://www.mpsp.mp.br/portal/page/portal/Promotorias_de_Justica/regioes_adm/relacoes_regionais/rel_regionais_bauru/bau_galia,Gália,Bauru,Sim
Iacanga,http://www.mpsp.mp.br/portal/page/portal/Promotorias_de_Justica/regioes_adm/relacoes_regionais/rel_regionais_bauru/bau_iacanga,Iacanga,Bauru,Sim
Iaras,http://www.mpsp.mp.br/portal/page/portal/Promotorias_de_Justica/regioes_adm/relacoes_regionais/rel_regionais_bauru/bau_iaras,Iaras,Bauru,Sim
Ibitinga,http://www.mpsp.mp.br/portal/page/portal/Promotorias_de_Justica/regioes_adm/relacoes_regionais/rel_regionais_bauru/bau_ibitinga,Ibitinga,Bauru,Sim
Ipassu,http://www.mpsp.mp.br/portal/page/portal/Promotorias_de_Justica/regioes_adm/relacoes_regionais/rel_regionais_bauru/bau_ipaussu,Ipassu,Bauru,Sim
Itatinga,http://www.mpsp.mp.br/portal/page/portal/Promotorias_de_Justica/regioes_adm/relacoes_regionais/rel_regionais_bauru/bau_itatinga,Itatinga,Bauru,Sim
Itápolis,http://www.mpsp.mp.br/portal/page/portal/Promotorias_de_Justica/regioes_adm/relacoes_regionais/rel_regionais_bauru/bau_itapolis,Itápolis,Bauru,Sim
Jaú,http://www.mpsp.mp.br/portal/page/portal/Promotorias_de_Justica/regioes_adm/relacoes_regionais/rel_regionais_bauru/bau_jau,Jaú,Bauru,Sim
Lençóis Paulista,http://www.mpsp.mp.br/portal/page/portal/Promotorias_de_Justica/regioes_adm/relacoes_regionais/rel_regionais_bauru/bau_lencois_paulista,Lençóis Paulista,Bauru,Sim
Macatuba,http://www.mpsp.mp.br/portal/page/portal/Promotorias_de_Justica/regioes_adm/relacoes_regionais/rel_regionais_bauru/bau_macatuba,Macatuba,Bauru,Sim
Marília,http://www.mpsp.mp.br/portal/page/portal/Promotorias_de_Justica/regioes_adm/relacoes_regionais/rel_regionais_bauru/bau_marilia,Marília,Bauru,Sim
Ourinhos,http://www.mpsp.mp.br/portal/page/portal/Promotorias_de_Justica/regioes_adm/relacoes_regionais/rel_regionais_bauru/bau_ourinhos,Ourinhos,Bauru,Sim
Palmital,http://www.mpsp.mp.br/portal/page/portal/Promotorias_de_Justica/regioes_adm/relacoes_regionais/rel_regionais_bauru/bau_palmital,Palmital,Bauru,Sim
Pederneiras,http://www.mpsp.mp.br/portal/page/portal/Promotorias_de_Justica/regioes_adm/relacoes_regionais/rel_regionais_bauru/bau_pederneiras,Pederneiras,Bauru,Sim
Piraju,http://www.mpsp.mp.br/portal/page/portal/Promotorias_de_Justica/regioes_adm/relacoes_regionais/rel_regionais_bauru/bau_piraju,Piraju,Bauru,Sim
Pirajuí,http://www.mpsp.mp.br/portal/page/portal/Promotorias_de_Justica/regioes_adm/relacoes_regionais/rel_regionais_bauru/bau_pirajui,Pirajuí,Bauru,Sim
Piratininga,http://www.mpsp.mp.br/portal/page/portal/Promotorias_de_Justica/regioes_adm/relacoes_regionais/rel_regionais_bauru/bau_piratininga,Piratininga,Bauru,Sim
Pompéia,http://www.mpsp.mp.br/portal/page/portal/Promotorias_de_Justica/regioes_adm/relacoes_regionais/rel_regionais_bauru/bau_pompeia,Pompéia,Bauru,Sim
Reginópolis,http://www.mpsp.mp.br/portal/page/portal/Promotorias_de_Justica/regioes_adm/relacoes_regionais/rel_regionais_bauru/bau_reginopolis,Reginópolis,Bauru,Sim
Santa Cruz do Rio Pardo,http://www.mpsp.mp.br/portal/page/portal/Promotorias_de_Justica/regioes_adm/relacoes_regionais/rel_regionais_bauru/bau_rio_pardo,Santa Cruz do Rio Pardo,Bauru,Sim
São Manuel,http://www.mpsp.mp.br/portal/page/portal/Promotorias_de_Justica/regioes_adm/relacoes_regionais/rel_regionais_bauru/bau_sao_manuel,São Manuel,Bauru,Sim
Álvaro de Carvalho,http://www.mpsp.mp.br/portal/page/portal/Promotorias_de_Justica/regioes_adm/relacoes_regionais/rel_regionais_bauru/bau_alvaro_carvalho,Álvaro de Carvalho,Bauru,Sim
Américo Brasiliense,http://www.mpsp.mp.br/portal/page/portal/Promotorias_de_Justica/regioes_adm/relacoes_regionais/rel_regionais_ribeirao_preto/rib_americo_brasiliense,Américo Brasiliense,Ribeirão Preto,Sim
Araraquara,http://www.mpsp.mp.br/portal/page/portal/Promotorias_de_Justica/regioes_adm/relacoes_regionais/rel_regionais_ribeirao_preto/rib_araraquara,Araraquara,Ribeirão Preto,Sim
Bebedouro,http://www.mpsp.mp.br/portal/page/portal/Promotorias_de_Justica/regioes_adm/relacoes_regionais/rel_regionais_ribeirao_preto/rib_bebedouro,Bebedouro,Ribeirão Preto,Sim
Brodowski,http://www.mpsp.mp.br/portal/page/portal/Promotorias_de_Justica/regioes_adm/relacoes_regionais/rel_regionais_ribeirao_preto/rib_brodowski,Brodowski,Ribeirão Preto,Sim
Caconde,http://www.mpsp.mp.br/portal/page/portal/Promotorias_de_Justica/regioes_adm/relacoes_regionais/rel_regionais_ribeirao_preto/rib_caconde,Caconde,Ribeirão Preto,Sim
Cajuru,http://www.mpsp.mp.br/portal/page/portal/Promotorias_de_Justica/regioes_adm/relacoes_regionais/rel_regionais_ribeirao_preto/rib_cajuru,Cajuru,Ribeirão Preto,Sim
Casa Branca,http://www.mpsp.mp.br/portal/page/portal/Promotorias_de_Justica/regioes_adm/relacoes_regionais/rel_regionais_ribeirao_preto/rib_casa_branca,Casa Branca,Ribeirão Preto,Sim
Cravinhos,http://www.mpsp.mp.br/portal/page/portal/Promotorias_de_Justica/regioes_adm/relacoes_regionais/rel_regionais_ribeirao_preto/rib_cravinhos,Cravinhos,Ribeirão Preto,Sim
Descalvado,http://www.mpsp.mp.br/portal/page/portal/Promotorias_de_Justica/regioes_adm/relacoes_regionais/rel_regionais_ribeirao_preto/rib_descalvado,Descalvado,Ribeirão Preto,Sim
Guariba,http://www.mpsp.mp.br/portal/page/portal/Promotorias_de_Justica/regioes_adm/relacoes_regionais/rel_regionais_ribeirao_preto/sjrp_monte_azul_paulista,Guariba,Ribeirão Preto,Sim
Guariba,http://www.mpsp.mp.br/portal/page/portal/Promotorias_de_Justica/regioes_adm/relacoes_regionais/rel_regionais_ribeirao_preto/rib_guariba,Guariba,Ribeirão Preto,Sim
Ibaté,http://www.mpsp.mp.br/portal/page/portal/Promotorias_de_Justica/regioes_adm/relacoes_regionais/rel_regionais_ribeirao_preto/rib_ibate,Ibaté,Ribeirão Preto,Sim
Jaboticabal,http://www.mpsp.mp.br/portal/page/portal/Promotorias_de_Justica/regioes_adm/relacoes_regionais/rel_regionais_ribeirao_preto/rib_jaboticabal,Jaboticabal,Ribeirão Preto,Sim
Jardinópolis,http://www.mpsp.mp.br/portal/page/portal/Promotorias_de_Justica/regioes_adm/relacoes_regionais/rel_regionais_ribeirao_preto/rib_jardinopolis,Jardinópolis,Ribeirão Preto,Sim
Matão,http://www.mpsp.mp.br/portal/page/portal/Promotorias_de_Justica/regioes_adm/relacoes_regionais/rel_regionais_ribeirao_preto/rib_matao,Matão,Ribeirão Preto,Sim
Mococa,http://www.mpsp.mp.br/portal/page/portal/Promotorias_de_Justica/regioes_adm/relacoes_regionais/rel_regionais_ribeirao_preto/rib_mococa,Mococa,Ribeirão Preto,Sim
Monte Alto,http://www.mpsp.mp.br/portal/page/portal/Promotorias_de_Justica/regioes_adm/relacoes_regionais/rel_regionais_ribeirao_preto/rib_monte_alto,Monte Alto,Ribeirão Preto,Sim
Monte Azul Paulista,http://www.mpsp.mp.br/portal/page/portal/Promotorias_de_Justica/regioes_adm/relacoes_regionais/rel_regionais_ribeirao_preto/sjrp_monte_azul_paulista,Monte Azul Paulista,Ribeirão Preto,Sim
Pirangi,http://www.mpsp.mp.br/portal/page/portal/Promotorias_de_Justica/regioes_adm/relacoes_regionais/rel_regionais_ribeirao_preto/rib_pirangi,Pirangi,Ribeirão Preto,Sim
Pirassununga,http://www.mpsp.mp.br/portal/page/portal/Promotorias_de_Justica/regioes_adm/relacoes_regionais/rel_regionais_ribeirao_preto/rib_pirassununga,Pirassununga,Ribeirão Preto,Sim
Pitangueiras,http://www.mpsp.mp.br/portal/page/portal/Promotorias_de_Justica/regioes_adm/relacoes_regionais/rel_regionais_ribeirao_preto/rib_pitangueiras,Pitangueiras,Ribeirão Preto,Sim
Pontal,http://www.mpsp.mp.br/portal/page/portal/Promotorias_de_Justica/regioes_adm/relacoes_regionais/rel_regionais_ribeirao_preto/rib_pontal,Pontal,Ribeirão Preto,Sim
Porto Ferreira,http://www.mpsp.mp.br/portal/page/portal/Promotorias_de_Justica/regioes_adm/relacoes_regionais/rel_regionais_ribeirao_preto/rib_porto_ferreira,Porto Ferreira,Ribeirão Preto,Sim
Ribeirão Bonito,http://www.mpsp.mp.br/portal/page/portal/Promotorias_de_Justica/regioes_adm/relacoes_regionais/rel_regionais_ribeirao_preto/rib_ribeirao_bonito,Ribeirão Bonito,Ribeirão Preto,Sim
Ribeirão Preto,http://www.mpsp.mp.br/portal/page/portal/Promotorias_de_Justica/regioes_adm/relacoes_regionais/rel_regionais_ribeirao_preto/rib_ribeirao_preto,Ribeirão Preto,Ribeirão Preto,Sim
Santa Cruz das Palmeiras,http://www.mpsp.mp.br/portal/page/portal/Promotorias_de_Justica/regioes_adm/relacoes_regionais/rel_regionais_ribeirao_preto/rib_santa_cruz_palmeiras,Santa Cruz das Palmeiras,Ribeirão Preto,Sim
Santa Rita do Passa Quatro,http://www.mpsp.mp.br/portal/page/portal/Promotorias_de_Justica/regioes_adm/relacoes_regionais/rel_regionais_ribeirao_preto/rib_santa_rita,Santa Rita do Passa Quatro,Ribeirão Preto,Sim
Santa Rosa de Viterbo,http://www.mpsp.mp.br/portal/page/portal/Promotorias_de_Justica/regioes_adm/relacoes_regionais/rel_regionais_ribeirao_preto/rib_santa_rosa,Santa Rosa de Viterbo,Ribeirão Preto,Sim
Serra Azul,http://www.mpsp.mp.br/portal/page/portal/Promotorias_de_Justica/regioes_adm/relacoes_regionais/rel_regionais_ribeirao_preto/rib_serra_azul,Serra Azul,Ribeirão Preto,Sim
Serrana,http://www.mpsp.mp.br/portal/page/portal/Promotorias_de_Justica/regioes_adm/relacoes_regionais/rel_regionais_ribeirao_preto/rib_serrana,Serrana,Ribeirão Preto,Sim
Sertãozinho,http://www.mpsp.mp.br/portal/page/portal/Promotorias_de_Justica/regioes_adm/relacoes_regionais/rel_regionais_ribeirao_preto/rib_sertaozinho,Sertãozinho,Ribeirão Preto,Sim
São Carlos,http://www.mpsp.mp.br/portal/page/portal/Promotorias_de_Justica/regioes_adm/relacoes_regionais/rel_regionais_ribeirao_preto/rib_sao_carlos,São Carlos,Ribeirão Preto,Sim
São José do Rio Pardo,http://www.mpsp.mp.br/portal/page/portal/Promotorias_de_Justica/regioes_adm/relacoes_regionais/rel_regionais_ribeirao_preto/rib_sao_jose_pardo,São José do Rio Pardo,Ribeirão Preto,Sim
São Sebastião da Gama,http://www.mpsp.mp.br/portal/page/portal/Promotorias_de_Justica/regioes_adm/relacoes_regionais/rel_regionais_ribeirao_preto/rib_sao_sebastiao_grama,São Sebastião da Gama,Ribeirão Preto,Sim
São Simão,http://www.mpsp.mp.br/portal/page/portal/Promotorias_de_Justica/regioes_adm/relacoes_regionais/rel_regionais_ribeirao_preto/rib_sao_simao,São Simão,Ribeirão Preto,Sim
Taiúva,http://www.mpsp.mp.br/portal/page/portal/Promotorias_de_Justica/regioes_adm/relacoes_regionais/rel_regionais_ribeirao_preto/rib_taiuva,Taiúva,Ribeirão Preto,Sim
Tambaú,http://www.mpsp.mp.br/portal/page/portal/Promotorias_de_Justica/regioes_adm/relacoes_regionais/rel_regionais_ribeirao_preto/rib_tambau,Tambaú,Ribeirão Preto,Sim
Taquaritinga,http://www.mpsp.mp.br/portal/page/portal/Promotorias_de_Justica/regioes_adm/relacoes_regionais/rel_regionais_ribeirao_preto/rib_taquaritinga,Taquaritinga,Ribeirão Preto,Sim
Viradouro,http://www.mpsp.mp.br/portal/page/portal/Promotorias_de_Justica/regioes_adm/relacoes_regionais/rel_regionais_ribeirao_preto/rib_viradouro,Viradouro,Ribeirão Preto,Sim
Altinópolis,http://www.mpsp.mp.br/portal/page/portal/Promotorias_de_Justica/regioes_adm/relacoes_regionais/rel_regionais_franca/fra_altinopolis,Altinópolis,Franca,Sim
Batatais,http://www.mpsp.mp.br/portal/page/portal/Promotorias_de_Justica/regioes_adm/relacoes_regionais/rel_regionais_franca/fra_batatais,Batatais,Franca,Sim
Franca,http://www.mpsp.mp.br/portal/page/portal/Promotorias_de_Justica/regioes_adm/relacoes_regionais/rel_regionais_franca/fra_franca,Franca,Franca,Sim
Guará,http://www.mpsp.mp.br/portal/page/portal/Promotorias_de_Justica/regioes_adm/relacoes_regionais/rel_regionais_franca/fra_guara,Guará,Franca,Sim
Guaíra,http://www.mpsp.mp.br/portal/page/portal/Promotorias_de_Justica/regioes_adm/relacoes_regionais/rel_regionais_franca/fra_guaira,Guaíra,Franca,Sim
Igarapava,http://www.mpsp.mp.br/portal/page/portal/Promotorias_de_Justica/regioes_adm/relacoes_regionais/rel_regionais_franca/fra_igarapava,Igarapava,Franca,Sim
Ipuã,http://www.mpsp.mp.br/portal/page/portal/Promotorias_de_Justica/regioes_adm/relacoes_regionais/rel_regionais_franca/fra_ipua,Ipuã,Franca,Sim
Ituverava,http://www.mpsp.mp.br/portal/page/portal/Promotorias_de_Justica/regioes_adm/relacoes_regionais/rel_regionais_franca/fra_ituverava,Ituverava,Franca,Sim
Miguelópolis,http://www.mpsp.mp.br/portal/page/portal/Promotorias_de_Justica/regioes_adm/relacoes_regionais/rel_regionais_franca/fra_miguelopolis,Miguelópolis,Franca,Sim
Morro Agudo,http://www.mpsp.mp.br/portal/page/portal/Promotorias_de_Justica/regioes_adm/relacoes_regionais/rel_regionais_franca/fra_morro_agudo,Morro Agudo,Franca,Sim
Nuporanga,http://www.mpsp.mp.br/portal/page/portal/Promotorias_de_Justica/regioes_adm/relacoes_regionais/rel_regionais_franca/fra_nuporanga,Nuporanga,Franca,Sim
Orlândia,http://www.mpsp.mp.br/portal/page/portal/Promotorias_de_Justica/regioes_adm/relacoes_regionais/rel_regionais_franca/fra_orlandia,Orlândia,Franca,Sim
Patrocínio Paulista,http://www.mpsp.mp.br/portal/page/portal/Promotorias_de_Justica/regioes_adm/relacoes_regionais/rel_regionais_franca/fra_patrocinio_paulista,Patrocínio Paulista,Franca,Sim
Pedregulho,http://www.mpsp.mp.br/portal/page/portal/Promotorias_de_Justica/regioes_adm/relacoes_regionais/rel_regionais_franca/fra_pedregulho,Pedregulho,Franca,Sim
São Joaquim da Barra,http://www.mpsp.mp.br/portal/page/portal/Promotorias_de_Justica/regioes_adm/relacoes_regionais/rel_regionais_franca/fra_sao_joaquim,São Joaquim da Barra,Franca,Sim
Americana,http://www.mpsp.mp.br/portal/page/portal/Promotorias_de_Justica/regioes_adm/relacoes_regionais/regioes_adm_piracicaba/reg_piracicaba_americana,Americana,Piracicaba,Sim
Araras,http://www.mpsp.mp.br/portal/page/portal/Promotorias_de_Justica/regioes_adm/relacoes_regionais/regioes_adm_piracicaba/reg_piracicaba_araras,Araras,Piracicaba,Sim
Brotas,http://www.mpsp.mp.br/portal/page/portal/Promotorias_de_Justica/regioes_adm/relacoes_regionais/regioes_adm_piracicaba/reg_piracicaba_brotas,Brotas,Piracicaba,Sim
Capivari,http://www.mpsp.mp.br/portal/page/portal/Promotorias_de_Justica/regioes_adm/relacoes_regionais/regioes_adm_piracicaba/reg_piracicaba_capivari,Capivari,Piracicaba,Sim
Cerquilho,http://www.mpsp.mp.br/portal/page/portal/Promotorias_de_Justica/regioes_adm/relacoes_regionais/regioes_adm_piracicaba/reg_piracicaba_cerquilho,Cerquilho,Piracicaba,Sim
Conchas,http://www.mpsp.mp.br/portal/page/portal/Promotorias_de_Justica/regioes_adm/relacoes_regionais/regioes_adm_piracicaba/rel_piracicaba_conchas,Conchas,Piracicaba,Sim
Cordeirópolis,http://www.mpsp.mp.br/portal/page/portal/Promotorias_de_Justica/regioes_adm/relacoes_regionais/regioes_adm_piracicaba/reg_piracicaba_cordeiropolis,Cordeirópolis,Piracicaba,Sim
Guareí,http://www.mpsp.mp.br/portal/page/portal/Promotorias_de_Justica/regioes_adm/relacoes_regionais/regioes_adm_piracicaba/reg_piracicaba_guarei,Guareí,Piracicaba,Sim
Itirapina,http://www.mpsp.mp.br/portal/page/portal/Promotorias_de_Justica/regioes_adm/relacoes_regionais/regioes_adm_piracicaba/reg_piracicaba_itirapina,Itirapina,Piracicaba,Sim
Laranjal Paulista,http://www.mpsp.mp.br/portal/page/portal/Promotorias_de_Justica/regioes_adm/relacoes_regionais/regioes_adm_piracicaba/reg_piracicaba_laranjal_paulista,Laranjal Paulista,Piracicaba,Sim
Leme,http://www.mpsp.mp.br/portal/page/portal/Promotorias_de_Justica/regioes_adm/relacoes_regionais/regioes_adm_piracicaba/reg_piracicaba_leme,Leme,Piracicaba,Sim
Limeira,http://www.mpsp.mp.br/portal/page/portal/Promotorias_de_Justica/regioes_adm/relacoes_regionais/regioes_adm_piracicaba/reg_piracicaba_limeira,Limeira,Piracicaba,Sim
Piracicaba,http://www.mpsp.mp.br/portal/page/portal/Promotorias_de_Justica/regioes_adm/relacoes_regionais/regioes_adm_piracicaba/rel_piracicaba_piracicaba,Piracicaba,Piracicaba,Sim
Rio Claro,http://www.mpsp.mp.br/portal/page/portal/Promotorias_de_Justica/regioes_adm/relacoes_regionais/regioes_adm_piracicaba/reg_piracicaba_rio_claro,Rio Claro,Piracicaba,Sim
Rio das Pedras,http://www.mpsp.mp.br/portal/page/portal/Promotorias_de_Justica/regioes_adm/relacoes_regionais/regioes_adm_piracicaba/reg_piracicaba_rio_pedras,Rio das Pedras,Piracicaba,Sim
Santa Bárbara D'Oeste,http://www.mpsp.mp.br/portal/page/portal/Promotorias_de_Justica/regioes_adm/relacoes_regionais/regioes_adm_piracicaba/reg_piracicaba_sbarbara_oeste,Santa Bárbara D'Oeste,Piracicaba,Sim
São Pedro,http://www.mpsp.mp.br/portal/page/portal/Promotorias_de_Justica/regioes_adm/relacoes_regionais/regioes_adm_piracicaba/reg_piracicaba_sao_pedro,São Pedro,Piracicaba,Sim
Aguaí,http://www.mpsp.mp.br/portal/page/portal/Promotorias_de_Justica/regioes_adm/relacoes_regionais/rel_regionais_campinas/cam_aguai,Aguaí,Campinas,Sim
Amparo,http://www.mpsp.mp.br/portal/page/portal/Promotorias_de_Justica/regioes_adm/relacoes_regionais/rel_regionais_campinas/cam_amparo,Amparo,Campinas,Sim
Artur Nogueira,http://www.mpsp.mp.br/portal/page/portal/Promotorias_de_Justica/regioes_adm/relacoes_regionais/rel_regionais_campinas/cam_artur_nogueira,Artur Nogueira,Campinas,Sim
Atibaia,http://www.mpsp.mp.br/portal/page/portal/Promotorias_de_Justica/regioes_adm/relacoes_regionais/rel_regionais_campinas/cam_atibaia,Atibaia,Campinas,Sim
Bragança Paulista,http://www.mpsp.mp.br/portal/page/portal/Promotorias_de_Justica/regioes_adm/relacoes_regionais/rel_regionais_campinas/cam_braganca,Bragança Paulista,Campinas,Sim
Cajamar,http://www.mpsp.mp.br/portal/page/portal/Promotorias_de_Justica/regioes_adm/relacoes_regionais/rel_regionais_campinas/gdspII_cajamar,Cajamar,Campinas,Sim
Campinas,http://www.mpsp.mp.br/portal/page/portal/Promotorias_de_Justica/regioes_adm/relacoes_regionais/rel_regionais_campinas/cam_campinas,Campinas,Campinas,Sim
Campo Limpo,http://www.mpsp.mp.br/portal/page/portal/Promotorias_de_Justica/regioes_adm/relacoes_regionais/rel_regionais_campinas/cam_campo_limpo,Campo Limpo,Campinas,Sim
Conchal,http://www.mpsp.mp.br/portal/page/portal/Promotorias_de_Justica/regioes_adm/relacoes_regionais/rel_regionais_campinas/cam_conchal,Conchal,Campinas,Sim
Cosmópolis,http://www.mpsp.mp.br/portal/page/portal/Promotorias_de_Justica/regioes_adm/relacoes_regionais/rel_regionais_campinas/cam_cosmopolis,Cosmópolis,Campinas,Sim
Espírito Santo do Pinhal,http://www.mpsp.mp.br/portal/page/portal/Promotorias_de_Justica/regioes_adm/relacoes_regionais/rel_regionais_campinas/cam_espirito_santo,Espírito Santo do Pinhal,Campinas,Sim
Hortolândia,http://www.mpsp.mp.br/portal/page/portal/Promotorias_de_Justica/regioes_adm/relacoes_regionais/rel_regionais_campinas/cam_hortolandia,Hortolândia,Campinas,Sim
Indaiatuba,http://www.mpsp.mp.br/portal/page/portal/Promotorias_de_Justica/regioes_adm/relacoes_regionais/rel_regionais_campinas/cam_indaiatuba,Indaiatuba,Campinas,Sim
Itapira,http://www.mpsp.mp.br/portal/page/portal/Promotorias_de_Justica/regioes_adm/relacoes_regionais/rel_regionais_campinas/cam_itapira,Itapira,Campinas,Sim
Itatiba,http://www.mpsp.mp.br/portal/page/portal/Promotorias_de_Justica/regioes_adm/relacoes_regionais/rel_regionais_campinas/cam_itatiba,Itatiba,Campinas,Sim
Itupeva,http://www.mpsp.mp.br/portal/page/portal/Promotorias_de_Justica/regioes_adm/relacoes_regionais/rel_regionais_campinas/camp_itupeva,Itupeva,Campinas,Sim
Jaguariúna,http://www.mpsp.mp.br/portal/page/portal/Promotorias_de_Justica/regioes_adm/relacoes_regionais/rel_regionais_campinas/cam_jaguariuna,Jaguariúna,Campinas,Sim
Jarinú,http://www.mpsp.mp.br/portal/page/portal/Promotorias_de_Justica/regioes_adm/relacoes_regionais/rel_regionais_campinas/cam_jarinu,Jarinú,Campinas,Sim
Jundiaí,http://www.mpsp.mp.br/portal/page/portal/Promotorias_de_Justica/regioes_adm/relacoes_regionais/rel_regionais_campinas/cam_jundiai,Jundiaí,Campinas,Sim
Louveira,http://www.mpsp.mp.br/portal/page/portal/Promotorias_de_Justica/regioes_adm/relacoes_regionais/rel_regionais_campinas/camp_louveira,Louveira,Campinas,Sim
Mogi Guaçu,http://www.mpsp.mp.br/portal/page/portal/Promotorias_de_Justica/regioes_adm/relacoes_regionais/rel_regionais_campinas/cam_moji_guacu,Mogi Guaçu,Campinas,Sim
Mogi Mirim,http://www.mpsp.mp.br/portal/page/portal/Promotorias_de_Justica/regioes_adm/relacoes_regionais/rel_regionais_campinas/cam_moji_mirim,Mogi Mirim,Campinas,Sim
Monte-Mor,http://www.mpsp.mp.br/portal/page/portal/Promotorias_de_Justica/regioes_adm/relacoes_regionais/rel_regionais_campinas/reg_piracicaba_monte_mor,Monte-Mor,Campinas,Sim
Nazaré Paulista,http://www.mpsp.mp.br/portal/page/portal/Promotorias_de_Justica/regioes_adm/relacoes_regionais/rel_regionais_campinas/cam_nazare_paulista,Nazaré Paulista,Campinas,Sim
Nova Odessa,http://www.mpsp.mp.br/portal/page/portal/Promotorias_de_Justica/regioes_adm/relacoes_regionais/rel_regionais_campinas/cam_nova_odessa,Nova Odessa,Campinas,Sim
Paulínia,http://www.mpsp.mp.br/portal/page/portal/Promotorias_de_Justica/regioes_adm/relacoes_regionais/rel_regionais_campinas/cam_paulinia,Paulínia,Campinas,Sim
Pedreira,http://www.mpsp.mp.br/portal/page/portal/Promotorias_de_Justica/regioes_adm/relacoes_regionais/rel_regionais_campinas/pedreira,Pedreira,Campinas,Sim
Pinhalzinho,http://www.mpsp.mp.br/portal/page/portal/Promotorias_de_Justica/regioes_adm/relacoes_regionais/rel_regionais_campinas/cam_pinhalzinho,Pinhalzinho,Campinas,Sim
Piracaia,http://www.mpsp.mp.br/portal/page/portal/Promotorias_de_Justica/regioes_adm/relacoes_regionais/rel_regionais_campinas/cam_piracaia,Piracaia,Campinas,Sim
Serra Negra,http://www.mpsp.mp.br/portal/page/portal/Promotorias_de_Justica/regioes_adm/relacoes_regionais/rel_regionais_campinas/cam_serra_negra,Serra Negra,Campinas,Sim
Socorro,http://www.mpsp.mp.br/portal/page/portal/Promotorias_de_Justica/regioes_adm/relacoes_regionais/rel_regionais_campinas/cam_socorro,Socorro,Campinas,Sim
Sumaré,http://www.mpsp.mp.br/portal/page/portal/Promotorias_de_Justica/regioes_adm/relacoes_regionais/rel_regionais_campinas/cam_sumare,Sumaré,Campinas,Sim
São João da Boa Vista,http://www.mpsp.mp.br/portal/page/portal/Promotorias_de_Justica/regioes_adm/relacoes_regionais/rel_regionais_campinas/cam_sao_joao,São João da Boa Vista,Campinas,Sim
Valinhos,http://www.mpsp.mp.br/portal/page/portal/Promotorias_de_Justica/regioes_adm/relacoes_regionais/rel_regionais_campinas/cam_valinhos,Valinhos,Campinas,Sim
Vargem Grande do Sul,http://www.mpsp.mp.br/portal/page/portal/Promotorias_de_Justica/regioes_adm/relacoes_regionais/rel_regionais_campinas/cam_vargem_grande,Vargem Grande do Sul,Campinas,Sim
Vila Mimosa,http://www.mpsp.mp.br/portal/page/portal/Promotorias_de_Justica/regioes_adm/relacoes_regionais/rel_regionais_campinas/cam_vila_mimosa,Vila Mimosa,Campinas,Sim
Vinhedo,http://www.mpsp.mp.br/portal/page/portal/Promotorias_de_Justica/regioes_adm/relacoes_regionais/rel_regionais_campinas/cam_vinhedo,Vinhedo,Campinas,Sim
Várzea Paulista,http://www.mpsp.mp.br/portal/page/portal/Promotorias_de_Justica/regioes_adm/relacoes_regionais/rel_regionais_campinas/cam_varzea_paulista,Várzea Paulista,Campinas,Sim
Águas de Lindóia,http://www.mpsp.mp.br/portal/page/portal/Promotorias_de_Justica/regioes_adm/relacoes_regionais/rel_regionais_campinas/cam_aguas_lindoia,Águas de Lindóia,Campinas,Sim
Aparecida,http://www.mpsp.mp.br/portal/page/portal/Promotorias_de_Justica/regioes_adm/relacoes_regionais/rel_regionais_taubate/tau_aparecida,Aparecida,Taubaté,Sim
Bananal,http://www.mpsp.mp.br/portal/page/portal/Promotorias_de_Justica/regioes_adm/relacoes_regionais/rel_regionais_taubate/tau_bananal,Bananal,Taubaté,Sim
Cachoeira Paulista,http://www.mpsp.mp.br/portal/page/portal/Promotorias_de_Justica/regioes_adm/relacoes_regionais/rel_regionais_taubate/tau_cachoeira_paulista,Cachoeira Paulista,Taubaté,Sim
Campos do Jordão,http://www.mpsp.mp.br/portal/page/portal/Promotorias_de_Justica/regioes_adm/relacoes_regionais/rel_regionais_taubate/tau_campos_jordao,Campos do Jordão,Taubaté,Sim
Caraguatatuba,http://www.mpsp.mp.br/portal/page/portal/Promotorias_de_Justica/regioes_adm/relacoes_regionais/rel_regionais_taubate/tau_caraguatatuba,Caraguatatuba,Taubaté,Sim
Caçapava,http://www.mpsp.mp.br/portal/page/portal/Promotorias_de_Justica/regioes_adm/relacoes_regionais/rel_regionais_taubate/tau_cacapava,Caçapava,Taubaté,Sim
Cruzeiro,http://www.mpsp.mp.br/portal/page/portal/Promotorias_de_Justica/regioes_adm/relacoes_regionais/rel_regionais_taubate/tau_cruzeiro,Cruzeiro,Taubaté,Sim
Cunha,http://www.mpsp.mp.br/portal/page/portal/Promotorias_de_Justica/regioes_adm/relacoes_regionais/rel_regionais_taubate/tau_cunha,Cunha,Taubaté,Sim
Guaratinguetá;,http://www.mpsp.mp.br/portal/page/portal/Promotorias_de_Justica/regioes_adm/relacoes_regionais/rel_regionais_taubate/tau_guaratingueta,Guaratinguetá;,Taubaté,Sim
Ilha Bela,http://www.mpsp.mp.br/portal/page/portal/Promotorias_de_Justica/regioes_adm/relacoes_regionais/rel_regionais_taubate/tau_ilhabela,Ilha Bela,Taubaté,Sim
Jacareí,http://www.mpsp.mp.br/portal/page/portal/Promotorias_de_Justica/regioes_adm/relacoes_regionais/rel_regionais_taubate/tau_jacarei,Jacareí,Taubaté,Sim
Lorena,http://www.mpsp.mp.br/portal/page/portal/Promotorias_de_Justica/regioes_adm/relacoes_regionais/rel_regionais_taubate/tau_lorena,Lorena,Taubaté,Sim
Paraíbuna,http://www.mpsp.mp.br/portal/page/portal/Promotorias_de_Justica/regioes_adm/relacoes_regionais/rel_regionais_taubate/tau_paraibuna,Paraíbuna,Taubaté,Sim
Pindamonhangaba,http://www.mpsp.mp.br/portal/page/portal/Promotorias_de_Justica/regioes_adm/relacoes_regionais/rel_regionais_taubate/tau_pindamonhangaba,Pindamonhangaba,Taubaté,Sim
Piquete,http://www.mpsp.mp.br/portal/page/portal/Promotorias_de_Justica/regioes_adm/relacoes_regionais/rel_regionais_taubate/tau_piquete,Piquete,Taubaté,Sim
Potim,http://www.mpsp.mp.br/portal/page/portal/Promotorias_de_Justica/regioes_adm/relacoes_regionais/rel_regionais_taubate/tau_potim,Potim,Taubaté,Sim
Queluz,http://www.mpsp.mp.br/portal/page/portal/Promotorias_de_Justica/regioes_adm/relacoes_regionais/rel_regionais_taubate/tau_queluz,Queluz,Taubaté,Sim
Roseira,http://www.mpsp.mp.br/portal/page/portal/Promotorias_de_Justica/regioes_adm/relacoes_regionais/rel_regionais_taubate/tau_roseira,Roseira,Taubaté,Sim
Salesópolis,http://www.mpsp.mp.br/portal/page/portal/Promotorias_de_Justica/regioes_adm/relacoes_regionais/rel_regionais_taubate/tau_salesopolis,Salesópolis,Taubaté,Sim
Santa Branca,http://www.mpsp.mp.br/portal/page/portal/Promotorias_de_Justica/regioes_adm/relacoes_regionais/rel_regionais_taubate/tau_santa_branca,Santa Branca,Taubaté,Sim
São Bento do Sapucaí,http://www.mpsp.mp.br/portal/page/portal/Promotorias_de_Justica/regioes_adm/relacoes_regionais/rel_regionais_taubate/tau_sao_bento_sapucai,São Bento do Sapucaí,Taubaté,Sim
São José dos Campos,http://www.mpsp.mp.br/portal/page/portal/Promotorias_de_Justica/regioes_adm/relacoes_regionais/rel_regionais_taubate/tau_sao_jose_campos,São José dos Campos,Taubaté,Sim
São Luis do Paraitinga,http://www.mpsp.mp.br/portal/page/portal/Promotorias_de_Justica/regioes_adm/relacoes_regionais/rel_regionais_taubate/tau_sao_luiz_paraitinga,São Luis do Paraitinga,Taubaté,Sim
São Sebastião,http://www.mpsp.mp.br/portal/page/portal/Promotorias_de_Justica/regioes_adm/relacoes_regionais/rel_regionais_taubate/tau_sao_sebastiao,São Sebastião,Taubaté,Sim
Taubaté,http://www.mpsp.mp.br/portal/page/portal/Promotorias_de_Justica/regioes_adm/relacoes_regionais/rel_regionais_taubate/tau_taubate,Taubaté,Taubaté,Sim
Tremembé,http://www.mpsp.mp.br/portal/page/portal/Promotorias_de_Justica/regioes_adm/relacoes_regionais/rel_regionais_taubate/tau_tremembe,Tremembé,Taubaté,Sim
Ubatuba,http://www.mpsp.mp.br/portal/page/portal/Promotorias_de_Justica/regioes_adm/relacoes_regionais/rel_regionais_taubate/tau_ubatuba,Ubatuba,Taubaté,Sim
Angatuba,http://www.mpsp.mp.br/portal/page/portal/Promotorias_de_Justica/regioes_adm/relacoes_regionais/rel_regionais_sorocaba/sor_angatuba,Angatuba,Sorocaba,Sim
Boituva,http://www.mpsp.mp.br/portal/page/portal/Promotorias_de_Justica/regioes_adm/relacoes_regionais/rel_regionais_sorocaba/sor_boituva,Boituva,Sorocaba,Sim
Buri,http://www.mpsp.mp.br/portal/page/portal/Promotorias_de_Justica/regioes_adm/relacoes_regionais/rel_regionais_sorocaba/sor_buri,Buri,Sorocaba,Sim
Cabreúva,http://www.mpsp.mp.br/portal/page/portal/Promotorias_de_Justica/regioes_adm/relacoes_regionais/rel_regionais_sorocaba/sor_cabreuva,Cabreúva,Sorocaba,Sim
Capela do Alto,http://www.mpsp.mp.br/portal/page/portal/Promotorias_de_Justica/regioes_adm/relacoes_regionais/rel_regionais_sorocaba/sor_capela_do_alto,Capela do Alto,Sorocaba,Sim
Capão Bonito,http://www.mpsp.mp.br/portal/page/portal/Promotorias_de_Justica/regioes_adm/relacoes_regionais/rel_regionais_sorocaba/sor_capao_bonito,Capão Bonito,Sorocaba,Sim
Cesário Lange,http://www.mpsp.mp.br/portal/page/portal/Promotorias_de_Justica/regioes_adm/relacoes_regionais/rel_regionais_sorocaba/sor_cesariolange,Cesário Lange,Sorocaba,Sim
Guareí,http://www.mpsp.mp.br/portal/page/portal/Promotorias_de_Justica/regioes_adm/relacoes_regionais/rel_regionais_sorocaba/sor_guarei,Guareí,Sorocaba,Sim
Ibiúna,http://www.mpsp.mp.br/portal/page/portal/Promotorias_de_Justica/regioes_adm/relacoes_regionais/rel_regionais_sorocaba/sor_ibiuna,Ibiúna,Sorocaba,Sim
Iperó,http://www.mpsp.mp.br/portal/page/portal/Promotorias_de_Justica/regioes_adm/relacoes_regionais/rel_regionais_sorocaba/sor_ipero,Iperó,Sorocaba,Sim
Itaberá,http://www.mpsp.mp.br/portal/page/portal/Promotorias_de_Justica/regioes_adm/relacoes_regionais/rel_regionais_sorocaba/sor_itabera,Itaberá,Sorocaba,Sim
Itapetininga,http://www.mpsp.mp.br/portal/page/portal/Promotorias_de_Justica/regioes_adm/relacoes_regionais/rel_regionais_sorocaba/sor_itapetininga,Itapetininga,Sorocaba,Sim
Itapeva,http://www.mpsp.mp.br/portal/page/portal/Promotorias_de_Justica/regioes_adm/relacoes_regionais/rel_regionais_sorocaba/sor_itapeva,Itapeva,Sorocaba,Sim
Itaporanga,http://www.mpsp.mp.br/portal/page/portal/Promotorias_de_Justica/regioes_adm/relacoes_regionais/rel_regionais_sorocaba/sor_itaporanga,Itaporanga,Sorocaba,Sim
Itararé,http://www.mpsp.mp.br/portal/page/portal/Promotorias_de_Justica/regioes_adm/relacoes_regionais/rel_regionais_sorocaba/sor_itarare,Itararé,Sorocaba,Sim
Itaí,http://www.mpsp.mp.br/portal/page/portal/Promotorias_de_Justica/regioes_adm/relacoes_regionais/rel_regionais_sorocaba/bau_itai,Itaí,Sorocaba,Sim
Itú,http://www.mpsp.mp.br/portal/page/portal/Promotorias_de_Justica/regioes_adm/relacoes_regionais/rel_regionais_sorocaba/sor_itu,Itú,Sorocaba,Sim
Mairinque,http://www.mpsp.mp.br/portal/page/portal/Promotorias_de_Justica/regioes_adm/relacoes_regionais/rel_regionais_sorocaba/sor_mairinque,Mairinque,Sorocaba,Sim
Paranapanema,http://www.mpsp.mp.br/portal/page/portal/Promotorias_de_Justica/regioes_adm/relacoes_regionais/rel_regionais_sorocaba/bau_paranapanema,Paranapanema,Sorocaba,Sim
Piedade,http://www.mpsp.mp.br/portal/page/portal/Promotorias_de_Justica/regioes_adm/relacoes_regionais/rel_regionais_sorocaba/sor_piedade,Piedade,Sorocaba,Sim
Pilar do Sul,http://www.mpsp.mp.br/portal/page/portal/Promotorias_de_Justica/regioes_adm/relacoes_regionais/rel_regionais_sorocaba/sor_pilar_sul,Pilar do Sul,Sorocaba,Sim
Porangaba,http://www.mpsp.mp.br/portal/page/portal/Promotorias_de_Justica/regioes_adm/relacoes_regionais/rel_regionais_sorocaba/sor_porangaba,Porangaba,Sorocaba,Sim
Porto Feliz,http://www.mpsp.mp.br/portal/page/portal/Promotorias_de_Justica/regioes_adm/relacoes_regionais/rel_regionais_sorocaba/sor_porto_feliz,Porto Feliz,Sorocaba,Sim
Salto,http://www.mpsp.mp.br/portal/page/portal/Promotorias_de_Justica/regioes_adm/relacoes_regionais/rel_regionais_sorocaba/sor_salto,Salto,Sorocaba,Sim
Salto de Pirapora,http://www.mpsp.mp.br/portal/page/portal/Promotorias_de_Justica/regioes_adm/relacoes_regionais/rel_regionais_sorocaba/sor_salto_pirapora,Salto de Pirapora,Sorocaba,Sim
Sorocaba,http://www.mpsp.mp.br/portal/page/portal/Promotorias_de_Justica/regioes_adm/relacoes_regionais/rel_regionais_sorocaba/sor_sorocaba,Sorocaba,Sorocaba,Sim
São Miguel Arcanjo,http://www.mpsp.mp.br/portal/page/portal/Promotorias_de_Justica/regioes_adm/relacoes_regionais/rel_regionais_sorocaba/sor_sao_miguel_arcanjo,São Miguel Arcanjo,Sorocaba,Sim
São Roque,http://www.mpsp.mp.br/portal/page/portal/Promotorias_de_Justica/regioes_adm/relacoes_regionais/rel_regionais_sorocaba/sor_sao_roque,São Roque,Sorocaba,Sim
Taquarituba,http://www.mpsp.mp.br/portal/page/portal/Promotorias_de_Justica/regioes_adm/relacoes_regionais/rel_regionais_sorocaba/bau_taquarituba,Taquarituba,Sorocaba,Sim
Tatuí,http://www.mpsp.mp.br/portal/page/portal/Promotorias_de_Justica/regioes_adm/relacoes_regionais/rel_regionais_sorocaba/sor_tatui,Tatuí,Sorocaba,Sim
Tiête,http://www.mpsp.mp.br/portal/page/portal/Promotorias_de_Justica/regioes_adm/relacoes_regionais/rel_regionais_sorocaba/soro_tiete,Tiête,Sorocaba,Sim
Votorantim,http://www.mpsp.mp.br/portal/page/portal/Promotorias_de_Justica/regioes_adm/relacoes_regionais/rel_regionais_sorocaba/sor_votorantim,Votorantim,Sorocaba,Sim
Arujá,http://www.mpsp.mp.br/portal/page/portal/Promotorias_de_Justica/regioes_adm/relacoes_regionais/gsp/aruja,Arujá,Grande São Paulo,Sim
Barueri,http://www.mpsp.mp.br/portal/page/portal/Promotorias_de_Justica/regioes_adm/relacoes_regionais/gsp/barueri,Barueri,Grande São Paulo,Sim
Caieiras,http://www.mpsp.mp.br/portal/page/portal/Promotorias_de_Justica/regioes_adm/relacoes_regionais/gsp/caieiras,Caieiras,Grande São Paulo,Sim
Carapicuíba,http://www.mpsp.mp.br/portal/page/portal/Promotorias_de_Justica/regioes_adm/relacoes_regionais/gsp/carapicuiba,Carapicuíba,Grande São Paulo,Sim
Cotia,http://www.mpsp.mp.br/portal/page/portal/Promotorias_de_Justica/regioes_adm/relacoes_regionais/gsp/cotia,Cotia,Grande São Paulo,Sim
Diadema,http://www.mpsp.mp.br/portal/page/portal/Promotorias_de_Justica/regioes_adm/relacoes_regionais/gsp/diadema,Diadema,Grande São Paulo,Sim
Embu das Artes,http://www.mpsp.mp.br/portal/page/portal/Promotorias_de_Justica/regioes_adm/relacoes_regionais/gsp/embu,Embu das Artes,Grande São Paulo,Sim
Embu-Guaçu,http://www.mpsp.mp.br/portal/page/portal/Promotorias_de_Justica/regioes_adm/relacoes_regionais/gsp/embu_guacu,Embu-Guaçu,Grande São Paulo,Sim
Ferraz de Vasconcelos,http://www.mpsp.mp.br/portal/page/portal/Promotorias_de_Justica/regioes_adm/relacoes_regionais/gsp/ferraz_de_vasconcelos,Ferraz de Vasconcelos,Grande São Paulo,Sim
Francisco Morato,http://www.mpsp.mp.br/portal/page/portal/Promotorias_de_Justica/regioes_adm/relacoes_regionais/gsp/francisco_morato,Francisco Morato,Grande São Paulo,Sim
Franco da Rocha,http://www.mpsp.mp.br/portal/page/portal/Promotorias_de_Justica/regioes_adm/relacoes_regionais/gsp/franco_da_rocha,Franco da Rocha,Grande São Paulo,Sim
Guararema,http://www.mpsp.mp.br/portal/page/portal/Promotorias_de_Justica/regioes_adm/relacoes_regionais/gsp/guararema,Guararema,Grande São Paulo,Sim
Guarulhos,http://www.mpsp.mp.br/portal/page/portal/Promotorias_de_Justica/regioes_adm/relacoes_regionais/gsp/guarulhos,Guarulhos,Grande São Paulo,Sim
Itapecerica da Serra,http://www.mpsp.mp.br/portal/page/portal/Promotorias_de_Justica/regioes_adm/relacoes_regionais/gsp/itapecerica,Itapecerica da Serra,Grande São Paulo,Sim
Itapevi,http://www.mpsp.mp.br/portal/page/portal/Promotorias_de_Justica/regioes_adm/relacoes_regionais/gsp/itapevi,Itapevi,Grande São Paulo,Sim
Itaquaquecetuba,http://www.mpsp.mp.br/portal/page/portal/Promotorias_de_Justica/regioes_adm/relacoes_regionais/gsp/itaquaquecetuba,Itaquaquecetuba,Grande São Paulo,Sim
Jandira,http://www.mpsp.mp.br/portal/page/portal/Promotorias_de_Justica/regioes_adm/relacoes_regionais/gsp/jandira,Jandira,Grande São Paulo,Sim
Mairiporã,http://www.mpsp.mp.br/portal/page/portal/Promotorias_de_Justica/regioes_adm/relacoes_regionais/gsp/mairipora,Mairiporã,Grande São Paulo,Sim
Mauá,http://www.mpsp.mp.br/portal/page/portal/Promotorias_de_Justica/regioes_adm/relacoes_regionais/gsp/maua,Mauá,Grande São Paulo,Sim
Mogi das Cruzes,http://www.mpsp.mp.br/portal/page/portal/Promotorias_de_Justica/regioes_adm/relacoes_regionais/gsp/mogi_das_cruzes,Mogi das Cruzes,Grande São Paulo,Sim
Osasco,http://www.mpsp.mp.br/portal/page/portal/Promotorias_de_Justica/regioes_adm/relacoes_regionais/gsp/osasco,Osasco,Grande São Paulo,Sim
Poá,http://www.mpsp.mp.br/portal/page/portal/Promotorias_de_Justica/regioes_adm/relacoes_regionais/gsp/poa,Poá,Grande São Paulo,Sim
Ribeirão Pires,http://www.mpsp.mp.br/portal/page/portal/Promotorias_de_Justica/regioes_adm/relacoes_regionais/gsp/ribeirao_pires,Ribeirão Pires,Grande São Paulo,Sim
Rio Grande da Serra,http://www.mpsp.mp.br/portal/page/portal/Promotorias_de_Justica/regioes_adm/relacoes_regionais/gsp/rio_grande_da_serra,Rio Grande da Serra,Grande São Paulo,Sim
Santa Isabel,http://www.mpsp.mp.br/portal/page/portal/Promotorias_de_Justica/regioes_adm/relacoes_regionais/gsp/santa_isabel,Santa Isabel,Grande São Paulo,Sim
Santana do Parnaíba,http://www.mpsp.mp.br/portal/page/portal/Promotorias_de_Justica/regioes_adm/relacoes_regionais/gsp/santana_de_parnaiba,Santana do Parnaíba,Grande São Paulo,Sim
Santo André,http://www.mpsp.mp.br/portal/page/portal/Promotorias_de_Justica/regioes_adm/relacoes_regionais/gsp/santo_andre,Santo André,Grande São Paulo,Sim
Suzano,http://www.mpsp.mp.br/portal/page/portal/Promotorias_de_Justica/regioes_adm/relacoes_regionais/gsp/suzano,Suzano,Grande São Paulo,Sim
São Bernardo do Campo,http://www.mpsp.mp.br/portal/page/portal/Promotorias_de_Justica/regioes_adm/relacoes_regionais/gsp/sbcampo,São Bernardo do Campo,Grande São Paulo,Sim
São Caetano do Sul,http://www.mpsp.mp.br/portal/page/portal/Promotorias_de_Justica/regioes_adm/relacoes_regionais/gsp/sao_caetano_do_sul,São Caetano do Sul,Grande São Paulo,Sim
Taboão da Serra,http://www.mpsp.mp.br/portal/page/portal/Promotorias_de_Justica/regioes_adm/relacoes_regionais/gsp/taboao_da_serra,Taboão da Serra,Grande São Paulo,Sim
Vargem Grande Paulista,http://www.mpsp.mp.br/portal/page/portal/Promotorias_de_Justica/regioes_adm/relacoes_regionais/gsp/vargem_grande_paulista,Vargem Grande Paulista,Grande São Paulo,Sim
Cananeia,http://www.mpsp.mp.br/portal/page/portal/Promotorias_de_Justica/regioes_adm/relacoes_regionais/rel_regionais_vale_do_ribeira/vlribeira_cananeia,Cananeia,Vale do Ribeira,Sim
Eldorado,http://www.mpsp.mp.br/portal/page/portal/Promotorias_de_Justica/regioes_adm/relacoes_regionais/rel_regionais_vale_do_ribeira/vlribeira_eldorado,Eldorado,Vale do Ribeira,Sim
Iguape,http://www.mpsp.mp.br/portal/page/portal/Promotorias_de_Justica/regioes_adm/relacoes_regionais/rel_regionais_vale_do_ribeira/vlribeira_iguape,Iguape,Vale do Ribeira,Sim
Itariri,http://www.mpsp.mp.br/portal/page/portal/Promotorias_de_Justica/regioes_adm/relacoes_regionais/rel_regionais_vale_do_ribeira/vlribeira_itariri,Itariri,Vale do Ribeira,Sim
Jacupiranga,http://www.mpsp.mp.br/portal/page/portal/Promotorias_de_Justica/regioes_adm/relacoes_regionais/rel_regionais_vale_do_ribeira/vlribeira_jacupiranga,Jacupiranga,Vale do Ribeira,Sim
Juquiá,http://www.mpsp.mp.br/portal/page/portal/Promotorias_de_Justica/regioes_adm/relacoes_regionais/rel_regionais_vale_do_ribeira/vlribeira_juquia,Juquiá,Vale do Ribeira,Sim
Miracatu,http://www.mpsp.mp.br/portal/page/portal/Promotorias_de_Justica/regioes_adm/relacoes_regionais/rel_regionais_vale_do_ribeira/vlribeira_miracatu,Miracatu,Vale do Ribeira,Sim
Pariquera-Açu,http://www.mpsp.mp.br/portal/page/portal/Promotorias_de_Justica/regioes_adm/relacoes_regionais/rel_regionais_vale_do_ribeira/vlribeira_pariquera,Pariquera-Açu,Vale do Ribeira,Sim
Registro,http://www.mpsp.mp.br/portal/page/portal/Promotorias_de_Justica/regioes_adm/relacoes_regionais/rel_regionais_vale_do_ribeira/vlribeira_registro,Registro,Vale do Ribeira,Sim
Bertioga,http://www.mpsp.mp.br/portal/page/portal/Promotorias_de_Justica/regioes_adm/relacoes_regionais/rel_regionais_santos/stos_bertioga,Bertioga,Santos,Sim
Cubatão,http://www.mpsp.mp.br/portal/page/portal/Promotorias_de_Justica/regioes_adm/relacoes_regionais/rel_regionais_santos/stos_cubatao,Cubatão,Santos,Sim
Guarujá,http://www.mpsp.mp.br/portal/page/portal/Promotorias_de_Justica/regioes_adm/relacoes_regionais/rel_regionais_santos/stos_guaruja,Guarujá,Santos,Sim
Itanhaém,http://www.mpsp.mp.br/portal/page/portal/Promotorias_de_Justica/regioes_adm/relacoes_regionais/rel_regionais_santos/stos_itanhaem,Itanhaém,Santos,Sim
Mongaguá,http://www.mpsp.mp.br/portal/page/portal/Promotorias_de_Justica/regioes_adm/relacoes_regionais/rel_regionais_santos/stos_mongagua,Mongaguá,Santos,Sim
Peruíbe,http://www.mpsp.mp.br/portal/page/portal/Promotorias_de_Justica/regioes_adm/relacoes_regionais/rel_regionais_santos/stos_peruibe,Peruíbe,Santos,Sim
Praia Grande,http://www.mpsp.mp.br/portal/page/portal/Promotorias_de_Justica/regioes_adm/relacoes_regionais/rel_regionais_santos/stos_praiagrande,Praia Grande,Santos,Sim
Santos,http://www.mpsp.mp.br/portal/page/portal/Promotorias_de_Justica/regioes_adm/relacoes_regionais/rel_regionais_santos/stos_santos,Santos,Santos,Sim
São Vicente,http://www.mpsp.mp.br/portal/page/portal/Promotorias_de_Justica/regioes_adm/relacoes_regionais/rel_regionais_santos/stos_sao_vicente,São Vicente,Santos,Sim
